,movie_id,title,studio,budget
0,tt0472033,9,Focus,30000000
1,tt0478087,21,Sony Pictures/Columbia,35000000
2,tt0453562,42,WB,40000000
3,tt0416449,300,WB,65000000
4,tt0450385,1408,MGM/W,25000000
5,tt1190080,2012,Sony Pictures/Columbia,200000000
6,tt1022603,(500) Days of Summer,Fox Searchlight,7500000
7,tt1179933,10 Cloverfield Lane,Paramount,15000000
8,tt1160368,12 Rounds,20th Century Fox,22000000
9,tt1413492,12 Strong,WB,35000000
10,tt2024544,12 Years a Slave,Fox Searchlight,20000000
11,tt1542344,127 Hours,Fox Searchlight,18000000
12,tt0450232,16 Blocks,WB,52000000
13,tt0974661,17 Again,WB (NL),20000000
15,tt1272878,2 Guns,Universal,61000000
16,tt4385888,20th Century Women,A24,7000000
17,tt1232829,21 Jump Street,Sony Pictures/Columbia,42000000
18,tt2294449,22 Jump Street,Sony Pictures/Columbia,50000000
19,tt0988595,27 Dresses,20th Century Fox,30000000
20,tt0463854,28 Weeks Later,FoxA,15000000
21,tt2172934,3 Days to Kill,Rela.,28000000
22,tt0389722,30 Days of Night,Sony Pictures/Columbia,30000000
23,tt1622547,30 Minutes or Less,Sony Pictures/Columbia,28000000
24,tt2932536,47 Meters Down,ENTMP,5300000
25,tt1335975,47 Ronin,Universal,175000000
26,tt1306980,50/50,Sum.,8000000
27,tt0411061,88 Minutes,Sony Pictures/Columbia,30000000
28,tt2891174,99 Homes,BG,8000000
29,tt6359956,A Bad Moms Christmas,STX,28000000
31,tt4731136,A Cure for Wellness,Fox,40000000
32,tt1753383,A Dog's Purpose,Universal,22000000
33,tt1606378,A Good Day to Die Hard,20th Century Fox,92000000
34,tt2243537,A Haunted House,ORF,2500000
35,tt0399146,A History of Violence,NL,32000000
36,tt0391304,A Lot Like Love,BUENA VISTA,30000000
37,tt0829459,A Mighty Heart,ParV,16000000
38,tt2557490,A Million Ways to Die in the West,Universal,40000000
39,tt2937898,A Most Violent Year,A24,20000000
40,tt1972571,A Most Wanted Man,RAtt.,15000000
41,tt0971209,A Perfect Getaway,Universal,14000000
42,tt6644200,A Quiet Place,Paramount,17000000
43,tt0405296,A Scanner Darkly,WIP,8700000
44,tt1019452,A Serious Man,Focus,7000000
45,tt7040874,A Simple Favor,LIONSGATE,20000000
46,tt1315981,A Single Man,Wein.,7000000
47,tt0763831,A Thousand Words,P/DW,40000000
48,tt1268799,A Very Harold & Kumar 3D Christmas,WB,19000000
49,tt0365907,A Walk Among the Tombstones,Universal,28000000
50,tt1620680,A Wrinkle in Time,BUENA VISTA,100000000
51,tt1600195,Abduction,LIONSGATE,35000000
52,tt2194499,About Time,Universal,12000000
53,tt1611224,Abraham Lincoln: Vampire Hunter,20th Century Fox,69000000
55,tt0384793,Accepted,Universal,23000000
56,tt0445922,Across the Universe,SonR,45000000
57,tt1591479,Act of Valor,Rela.,12000000
58,tt1814621,Admission,Focus,13000000
59,tt6306064,Adrift,STX,35000000
61,tt4126476,After,,14000000
62,tt1815862,After Earth,Sony Pictures/Columbia,130000000
63,tt1712170,Alex Cross,LG/S,35000000
64,tt1698641,"Alexander and the Terrible, Horrible, No Goo",BUENA VISTA,28000000
65,tt2567026,Alice Through the Looking Glass,BUENA VISTA,170000000
66,tt2316204,Alien: Covenant,Fox,97000000
67,tt0437086,Alita: Battle Angel,Fox,170000000
68,tt0881891,All About Steve,20th Century Fox,15000000
69,tt5294550,All the Money in the World,TriS,50000000
70,tt3640424,Allied,Paramount,85000000
71,tt1243974,Aloha,Sony Pictures/Columbia,37000000
72,tt0369226,Alone in the Dark,Lions,20000000
73,tt4244998,Alpha,Studio 8,51000000
75,tt0952640,Alvin and the Chipmunks,20th Century Fox,60000000
76,tt1615918,Alvin and the Chipmunks: Chipwrecked,20th Century Fox,75000000
77,tt1231580,Alvin and the Chipmunks: The Squeakquel,20th Century Fox,75000000
78,tt1961175,American Assassin,LIONSGATE,33000000
79,tt0765429,American Gangster,Universal,100000000
80,tt1800241,American Hustle,Sony Pictures/Columbia,40000000
81,tt3532216,American Made,Universal,50000000
82,tt1605630,American Reunion,Universal,50000000
83,tt2179136,American Sniper,WB,58800000
84,tt3316948,American Ultra,LIONSGATE,28000000
85,tt1174732,An Education,SPC,7500000
86,tt1229340,Anchorman 2: The Legend Continues,Paramount,50000000
87,tt0808151,Angels & Demons,Sony Pictures/Columbia,150000000
88,tt3322940,Annabelle,WB (NL),6500000
89,tt5140878,Annabelle: Creation,WB (NL),15000000
90,tt2798920,Annihilation,Paramount,40000000
91,tt1431181,Another Year,SPC,8000000
92,tt0478970,Ant-Man,BUENA VISTA,130000000
93,tt5095030,Ant-Man and the Wasp,BUENA VISTA,162000000
94,tt0472043,Apocalypto,BUENA VISTA,40000000
95,tt1772240,Apollo 18,W/Dim.,5000000
96,tt0800308,Appaloosa,WB (NL),20000000
97,tt1477834,Aquaman,WB,160000000
98,tt0429591,Aquamarine,20th Century Fox,12000000
99,tt0368578,Are We There Yet?,SonR,32000000
100,tt1024648,Argo,WB,44500000
101,tt0913354,Armored,SGem,20000000
102,tt2543164,Arrival,Paramount,47000000
103,tt1430607,Arthur Christmas,Sony Pictures/Columbia,100000000
104,tt2094766,Assassin's Creed,Fox,125000000
105,tt0398712,Assault on Precinct 13,Rog.,30000000
106,tt0375568,Astro Boy,Sum.,65000000
107,tt2406566,Atomic Blonde,Focus,30000000
108,tt0783233,Atonement,Focus,30000000
109,tt0426931,August Rush,WB,30000000
110,tt1322269,August: Osage County,Wein.,25000000
111,tt0455824,Australia,20th Century Fox,130000000
112,tt0499549,Avatar,20th Century Fox,237000000
113,tt2395427,Avengers: Age of Ultron,BUENA VISTA,250000000
114,tt4154796,Avengers: Endgame,BUENA VISTA,356000000
115,tt4154756,Avengers: Infinity War,BUENA VISTA,321000000
116,tt0211933,Awake,MGM/W,8600000
117,tt1176740,Away We Go,Focus,17000000
119,tt0449467,Babel,ParV,25000000
120,tt3890160,Baby Driver,TriS,34000000
121,tt0871426,Baby Mama,Universal,30000000
122,tt0364970,Babylon A.D.,20th Century Fox,70000000
123,tt4651520,Bad Moms,STX,20000000
124,tt1284575,Bad Teacher,Sony Pictures/Columbia,20000000
125,tt2170299,Bad Words,Focus,10000000
129,tt0814022,Bangkok Dangerous,LIONSGATE,45000000
130,tt0430912,Basic Instinct 2,Sony Pictures/Columbia,70000000
131,tt0372784,Batman Begins,WB,150000000
132,tt2975590,Batman v Superman: Dawn of Justice,WB,250000000
133,tt4853102,Batman: The Killing Joke,Fathom,3500000
134,tt4622512,Battle of the Sexes,Fox Searchlight,25000000
135,tt1440129,Battleship,Universal,209000000
136,tt1469304,Baywatch,Paramount,69000000
137,tt0377471,Be Cool,MGM,53000000
138,tt1152398,Beastly,CBS,17000000
140,tt0416508,Becoming Jane,Mira.,16500000
141,tt0960731,Bedtime Stories,BUENA VISTA,80000000
142,tt0389790,Bee Movie,P/DW,150000000
143,tt0486551,Beerfest,WB,17500000
144,tt1691916,Before I Fall,ORF,5000000
145,tt2209418,Before Midnight,SPC,3000000
146,tt0292963,Before the Devil Knows You're Dead,Think,18000000
147,tt1980929,Begin Again,Wein.,8000000
148,tt0442933,Beowulf,Paramount,150000000
150,tt0374536,Bewitched,Sony Pictures/Columbia,85000000
152,tt1126590,Big Eyes,Wein.,10000000
153,tt2245084,Big Hero 6,BUENA VISTA,165000000
154,tt0421729,Big Momma's House 2,20th Century Fox,40000000
157,tt1355683,Black Mass,WB,53000000
158,tt1825683,Black Panther,BUENA VISTA,200000000
160,tt0462200,Black Snake Moan,ParV,15000000
161,tt0947798,Black Swan,Fox Searchlight,13000000
162,tt2717822,Blackhat,Universal,70000000
163,tt1856101,Blade Runner 2049,WB,150000000
164,tt0445934,Blades of Glory,P/DW,61000000
165,tt1540011,Blair Witch,LIONSGATE,5000000
166,tt1086772,Blended,WB,40000000
167,tt0861689,Blindness,Mira.,25000000
168,tt2531344,Blockers,Universal,21000000
169,tt0450259,Blood Diamond,WB,100000000
170,tt0383222,BloodRayne,Rom.,25000000
171,tt2334873,Blue Jasmine,SPC,18000000
172,tt1120985,Blue Valentine,Wein.,1000000
173,tt0308055,Bobby,MGM/W,14000000
174,tt0758774,Body of Lies,WB,70000000
175,tt1727824,Bohemian Rhapsody,Fox,52000000
176,tt0397892,Bolt,BUENA VISTA,150000000
177,tt0357507,Boogeyman,SGem,20000000
178,tt1489887,Booksmart,UAR,6000000
179,tt0443453,Borat: Cultural Learnings of America for Mak,20th Century Fox,18000000
180,tt1065073,Boyhood,IFC,4000000
181,tt1217209,Brave,BUENA VISTA,185000000
182,tt0393109,Brick,Focus,475000
183,tt1430612,Brick Mansions,Rela.,28000000
184,tt0901476,Bride Wars,20th Century Fox,30000000
185,tt1478338,Bridesmaids,Universal,32500000
186,tt3682448,Bridge of Spies,BUENA VISTA,40000000
187,tt0398808,Bridge to Terabithia,BUENA VISTA,17000000
188,tt1473832,Bridget Jones's Baby,Universal,35000000
189,tt0388795,Brokeback Mountain,Focus,14000000
190,tt1235522,Broken City,20th Century Fox,35000000
191,tt0412019,Broken Flowers,Focus,10000000
192,tt2381111,Brooklyn,Fox Searchlight,11000000
193,tt1210042,Brooklyn's Finest,Over.,17000000
194,tt0765010,Brothers,LIONSGATE,26000000
195,tt0470705,Bug,LIONSGATE,4000000
196,tt1308729,Bullet to the Head,WB,55000000
197,tt4701182,Bumblebee,Paramount,135000000
198,tt1462758,Buried,LIONSGATE,3000000
199,tt1126591,Burlesque,SGem,55000000
200,tt0887883,Burn After Reading,Focus,37000000
201,tt2503944,Burnt,Wein.,20000000
202,tt1042877,Cadillac Records,Sony Pictures/Columbia,12000000
203,tt3442006,Cake,CLF,7000000
205,tt0379725,Capote,SPC,7000000
206,tt3498820,Captain America: Civil War,BUENA VISTA,250000000
207,tt0458339,Captain America: The First Avenger,Paramount,140000000
208,tt1843866,Captain America: The Winter Soldier,BUENA VISTA,170000000
210,tt4154664,Captain Marvel,BUENA VISTA,175000000
211,tt1535109,Captain Phillips,Sony Pictures/Columbia,55000000
212,tt5968394,Captive State,Focus,25000000
213,tt2402927,Carol,Wein.,11800000
214,tt0317219,Cars,BUENA VISTA,120000000
215,tt1216475,Cars 2,BUENA VISTA,200000000
216,tt3606752,Cars 3,BUENA VISTA,175000000
218,tt0795351,Case 39,ParV,26000000
219,tt0381061,Casino Royale,Sony Pictures/Columbia,150000000
220,tt1477837,Cedar Rapids,Fox Searchlight,10000000
221,tt1489889,Central Intelligence,WB (NL),50000000
222,tt0824747,Changeling,Universal,55000000
223,tt1823672,Chappie,Sony Pictures/Columbia,49000000
224,tt0367594,Charlie and the Chocolate Factory,WB,150000000
225,tt0423977,Charlie Bartlett,MGM,12000000
226,tt1438254,Charlie St. Cloud,Universal,44000000
227,tt0472062,Charlie Wilson's War,Universal,75000000
228,tt1629757,Chasing Mavericks,20th Century Fox,20000000
229,tt0452598,Cheaper by the Dozen 2,20th Century Fox,60000000
230,tt2883512,Chef,ORF,11000000
232,tt1991245,Chernobyl Diaries,WB,1000000
233,tt0371606,Chicken Little,BUENA VISTA,150000000
234,tt0206634,Children of Men,Universal,76000000
235,tt1024715,Choke,Fox Searchlight,3000000
236,tt0352248,Cinderella Man,Universal,88000000
237,tt0450405,Cirque du Freak: The Vampire's Assistant,Universal,40000000
238,tt1174730,City Island,Anch.,6000000
239,tt0424345,Clerks II,MGM/W,5000000
240,tt0389860,Click,SonR,82500000
241,tt1371111,Cloud Atlas,WB,102000000
242,tt0844471,Cloudy with a Chance of Meatballs,Sony Pictures/Columbia,100000000
243,tt1985966,Cloudy with a Chance of Meatballs 2,Sony Pictures/Columbia,78000000
244,tt1060277,Cloverfield,Paramount,25000000
245,tt0393162,Coach Carter,Paramount,30000000
246,tt2380307,Coco,BUENA VISTA,175000000
247,tt5719748,Cold Pursuit,LG/S,60000000
248,tt4682786,Collateral Beauty,WB (NL),36000000
249,tt1657507,Colombiana,TriS,40000000
250,tt4005402,Colonia,Scre.,14000000
251,tt3322364,Concussion,RTWC,35000000
253,tt0360486,Constantine,WB,100000000
254,tt1598778,Contagion,WB,60000000
255,tt1524137,Contraband,Universal,25000000
256,tt1244754,Conviction,Fox Searchlight,12500000
257,tt3813310,Cop Car,FCW,800000
258,tt1385867,Cop Out,WB,30000000
259,tt0327597,Coraline,Focus,60000000
260,tt1078940,Couples Retreat,Universal,70000000
261,tt0409847,Cowboys & Aliens,Universal,163000000
262,tt0479884,Crank,LIONSGATE,12000000
263,tt1121931,Crank: High Voltage,LIONSGATE,20000000
264,tt0115964,Crash,Lions,9000000
265,tt0375679,Crash,Lions,6500000
266,tt1263670,Crazy Heart,Fox Searchlight,7000000
267,tt3104988,Crazy Rich Asians,WB,30000000
268,tt1570728,"Crazy, Stupid, Love.",WB,50000000
269,tt3076658,Creed,WB (NL),35000000
270,tt6343314,Creed II,MGM,50000000
271,tt2554274,Crimson Peak,Universal,55000000
272,tt0257516,Cursed,Dim.,38000000
273,tt1336617,Cyrus,Fox Searchlight,7000000
274,tt1528854,Daddy's Home,Paramount,50000000
275,tt5657846,Daddy's Home 2,Paramount,69000000
276,tt0790636,Dallas Buyers Club,Focus,5000000
277,tt0480242,Dan in Real Life,BUENA VISTA,25000000
279,tt1772288,Danny Collins,BST,10000000
280,tt6565702,Dark Phoenix,Fox,200000000
281,tt2402101,Dark Places,A24,20000000
282,tt1077368,Dark Shadows,WB,150000000
283,tt2387433,Dark Skies,W/Dim.,3500000
284,tt0382628,Dark Water,BUENA VISTA,30000000
285,tt4555426,Darkest Hour,Focus,30000000
286,tt0466342,Date Movie,20th Century Fox,20000000
287,tt1279935,Date Night,20th Century Fox,55000000
288,tt2103281,Dawn of the Planet of the Apes,Fox,170000000
289,tt0433362,Daybreakers,LIONSGATE,20000000
290,tt2101341,Dead Man Down,FD,30000000
291,tt0455760,Dead Silence,Universal,20000000
292,tt1431045,Deadpool,Fox,58000000
293,tt5463162,Deadpool 2,Fox,110000000
294,tt0989757,Dear John,SGem,25000000
296,tt0452608,Death Race,Universal,45000000
297,tt0804461,Death Sentence,20th Century Fox,20000000
298,tt1860357,Deepwater Horizon,LG/S,110000000
299,tt1034303,Defiance,ParV,32000000
301,tt0453467,Deja Vu,BUENA VISTA,75000000
303,tt2387559,Delivery Man,BUENA VISTA,26000000
304,tt1172049,Demolition,Fox Searchlight,10000000
305,tt1259528,Den of Thieves,STX,30000000
306,tt0398017,Derailed,Wein.,22000000
307,tt1323594,Despicable Me,Universal,69000000
308,tt1690953,Despicable Me 2,Universal,76000000
309,tt3469046,Despicable Me 3,Universal,80000000
310,tt5390504,Detroit,Annapurna,34000000
311,tt0367652,Deuce Bigalow: European Gigolo,Sony Pictures/Columbia,22000000
312,tt1314655,Devil,Universal,10000000
313,tt1196141,Diary of a Wimpy Kid,20th Century Fox,15000000
314,tt1314228,Did You Hear About the Morgans?,Sony Pictures/Columbia,58000000
316,tt0427152,Dinner for Schmucks,P/DW,69000000
317,tt1860213,Dirty Grandpa,LIONSGATE,25000000
318,tt1213644,Disaster Movie,LIONSGATE,20000000
319,tt1433811,Disconnect,LD,10000000
320,tt1136608,District 9,TriS,30000000
321,tt0486822,Disturbia,P/DW,20000000
322,tt1840309,Divergent,LG/S,85000000
323,tt1853728,Django Unchained,Wein.,100000000
324,tt1211837,Doctor Strange,BUENA VISTA,165000000
325,tt0421054,Domino,NL,50000000
326,tt2229499,Don Jon,Rela.,3000000
327,tt1270761,Don't Be Afraid of the Dark,FD,25000000
328,tt4160708,Don't Breathe,SGem,9900000
329,tt0419706,Doom,Universal,60000000
330,tt0483607,Doomsday,Rog.,30000000
331,tt3850214,Dope,ORF,7000000
332,tt0918927,Doubt,Mira.,20000000
333,tt1389072,Downsizing,Paramount,68000000
334,tt0829150,Dracula Untold,Universal,70000000
335,tt2223990,Draft Day,LG/S,25000000
336,tt1127180,Drag Me to Hell,Universal,30000000
337,tt1098327,Dragonball Evolution,20th Century Fox,30000000
338,tt1462041,Dream House,Universal,50000000
339,tt0443489,Dreamgirls,P/DW,70000000
340,tt1343727,Dredd,LIONSGATE,50000000
341,tt0817538,Drillbit Taylor,Paramount,40000000
342,tt1502404,Drive Angry,Sum.,50000000
343,tt1231583,Due Date,WB,65000000
344,tt2096672,Dumb and Dumber To,Universal,40000000
345,tt5013056,Dunkirk,WB,100000000
346,tt1135487,Duplicity,Universal,60000000
347,tt1059786,Eagle Eye,P/DW,80000000
349,tt1282140,Easy A,SGem,8000000
350,tt0879870,Eat Pray Love,Sony Pictures/Columbia,60000000
351,tt1083452,Eddie the Eagle,Fox,23000000
352,tt1226273,Edge of Darkness,WB,80000000
353,tt1631867,Edge of Tomorrow,WB,178000000
354,tt0397313,Eight Below,BUENA VISTA,40000000
355,tt7014006,Eighth Grade,A24,2000000
356,tt0357277,Elektra,20th Century Fox,43000000
357,tt0414055,Elizabeth: The Golden Age,Universal,55000000
358,tt0368709,Elizabethtown,Paramount,45000000
360,tt1535108,Elysium,TriS,115000000
361,tt0424993,Employee of the Month,LIONSGATE,12000000
362,tt0461770,Enchanted,BUENA VISTA,85000000
363,tt1855199,End of Watch,ORF,7000000
364,tt1731141,Ender's Game,LG/S,110000000
365,tt2390361,Enough Said,Fox Searchlight,8000000
366,tt1674771,Entourage,WB,30000000
367,tt0848537,Epic,20th Century Fox,100000000
368,tt0799949,Epic Movie,20th Century Fox,20000000
369,tt0449010,Eragon,20th Century Fox,100000000
370,tt1211956,Escape Plan,LG/S,50000000
371,tt5886046,Escape Room,Sony Pictures/Columbia,9000000
372,tt0413099,Evan Almighty,Universal,175000000
373,tt0780511,Everybody's Fine,Mira.,21000000
374,tt5001718,"Everything, Everything",WB,10000000
375,tt0470752,Ex Machina,A24,15000000
376,tt1528100,Exodus: Gods and Kings,Fox,140000000
377,tt1225822,Extract,Mira.,8000000
378,tt0477302,Extremely Loud & Incredibly Close,WB,40000000
379,tt2057392,Eye in the Sky,BST,13000000
380,tt0427229,Failure to Launch,Paramount,50000000
381,tt3495026,Fan,Yash,15670000
382,tt4123430,Fantastic Beasts: The Crimes of Grindelwald,WB,200000000
383,tt0120667,Fantastic Four,20th Century Fox,100000000
384,tt1502712,Fantastic Four,Fox,120000000
385,tt0432283,Fantastic Mr. Fox,20th Century Fox,40000000
387,tt6806448,Fast & Furious Presents: Hobbs & Shaw,Universal,200000000
388,tt1596343,Fast Five,Universal,125000000
389,tt1433108,Faster,CBS,24000000
390,tt2671706,Fences,Paramount,24000000
391,tt3411444,Ferdinand,Fox,111000000
392,tt0332047,Fever Pitch,20th Century Fox,30000000
393,tt4465564,Fifty Shades Darker,Universal,55000000
394,tt4477536,Fifty Shades Freed,Universal,55000000
395,tt2322441,Fifty Shades of Grey,Universal,40000000
397,tt6513120,Fighting with My Family,MGM,11000000
398,tt0414982,Final Destination 3,NL,25000000
399,tt1622979,Final Destination 5,WB (NL),40000000
400,tt0419749,Find Me Guilty,YFG,13000000
401,tt2277860,Finding Dory,BUENA VISTA,200000000
402,tt0408345,Firewall,WB,50000000
403,tt1213641,First Man,Universal,59000000
405,tt3401882,Fist Fight,WB (NL),22000000
406,tt6472976,Five Feet Apart,LIONSGATE,7000000
407,tt0418689,Flags of Our Fathers,P/DW,90000000
408,tt1907668,Flight,Paramount,31000000
409,tt0408790,Flightplan,BUENA VISTA,55000000
410,tt4136084,Florence Foster Jenkins,Paramount,29000000
411,tt0424095,Flushed Away,P/DW,149000000
412,tt0770752,Fool's Gold,WB,70000000
413,tt0800039,Forgetting Sarah Marshall,Universal,30000000
414,tt0430105,Four Brothers,Paramount,45000000
415,tt0369436,Four Christmases,WB (NL),80000000
416,tt1100089,Foxcatcher,SPC,24000000
418,tt1142977,Frankenweenie,BUENA VISTA,39000000
419,tt0486583,Fred Claus,WB,100000000
421,tt1124037,Free State of Jones,STX,50000000
422,tt0463998,Freedom Writers,Paramount,21000000
423,tt1632708,Friends with Benefits,SGem,35000000
424,tt1720616,Friends with Kids,RAtt.,10000000
425,tt0436331,Friends with Money,SPC,6500000
426,tt1179034,From Paris with Love,LIONSGATE,52000000
427,tt0870111,Frost/Nixon,Universal,25000000
428,tt2294629,Frozen,BUENA VISTA,150000000
429,tt0978759,Frozen River,SPC,1000000
430,tt2334649,Fruitvale Station,Wein.,900000
431,tt0369441,Fun with Dick and Jane,Sony Pictures/Columbia,100000000
433,tt1201167,Funny People,Universal,75000000
434,tt1583421,G.I. Joe: Retaliation,Paramount,130000000
435,tt1046173,G.I. Joe: The Rise of Cobra,Paramount,175000000
436,tt2704998,Game Night,WB (NL),37000000
437,tt1034032,Gamer,LIONSGATE,50000000
438,tt1321870,Gangster Squad,WB,60000000
439,tt0455499,Garfield: A Tail of Two Kitties,20th Century Fox,60000000
440,tt1981128,Geostorm,WB,120000000
441,tt2561572,Get Hard,WB,40000000
442,tt1226229,Get Him to the Greek,Universal,40000000
443,tt1226229,Get Him to the Greek,Universal,40000000
444,tt5052448,Get Out,Universal,4500000
445,tt0430308,Get Rich or Die Tryin',Paramount,40000000
446,tt0425061,Get Smart,WB,80000000
447,tt0436339,G-Force,BUENA VISTA,150000000
449,tt0259324,Ghost Rider,Sony Pictures/Columbia,110000000
450,tt1071875,Ghost Rider: Spirit of Vengeance,Sony Pictures/Columbia,57000000
451,tt0995039,Ghost Town,P/DW,20000000
452,tt0821640,Ghosts of Girlfriends Past,WB (NL),37500000
453,tt4481414,Gifted,Fox Searchlight,7000000
454,tt3564472,Girls Trip,Universal,19000000
455,tt6823368,Glass,Universal,20000000
457,tt2528814,God's Not Dead,Free,2000000
458,tt2404233,Gods of Egypt,LG/S,140000000
459,tt3741700,Godzilla: King of the Monsters,WB,170000000
460,tt1322312,Going the Distance,WB (NL),32000000
461,tt1800302,Gold,Wein.,20000000
463,tt0452623,Gone Baby Gone,Mira.,19000000
464,tt2267998,Gone Girl,Fox,61000000
465,tt0452625,Good Luck Chuck,LIONSGATE,25000000
466,tt0433383,"Good Night, and Good Luck.",WIP,7000000
467,tt4846232,Good Time,A24,4500000
468,tt1051904,Goosebumps,Sony Pictures/Columbia,58000000
469,tt1205489,Gran Torino,WB,33000000
471,tt1454468,Gravity,WB,100000000
472,tt6966692,Green Book,Universal,23000000
473,tt1133985,Green Lantern,WB,200000000
474,tt4062536,Green Room,A24,5000000
475,tt0947810,Green Zone,Universal,100000000
477,tt0421206,Gridiron Gang,Sony Pictures/Columbia,30000000
478,tt0462322,Grindhouse,W/Dim.,67000000
479,tt1375670,Grown Ups,Sony Pictures/Columbia,80000000
480,tt2191701,Grown Ups 2,Sony Pictures/Columbia,80000000
481,tt1661382,Grudge Match,WB,40000000
482,tt2015381,Guardians of the Galaxy,BUENA VISTA,170000000
483,tt3896198,Guardians of the Galaxy Vol. 2,BUENA VISTA,200000000
484,tt0372237,Guess Who,Sony Pictures/Columbia,35000000
485,tt1320261,Gulliver's Travels,20th Century Fox,112000000
487,tt2119532,Hacksaw Ridge,LIONSGATE,40000000
489,tt0475290,"Hail, Caesar!",Universal,22000000
490,tt0468489,Half Nelson,Think,700000
491,tt0480687,Hall Pass,WB (NL),36000000
492,tt0448157,Hancock,Sony Pictures/Columbia,150000000
493,tt0993842,Hanna,Focus,30000000
494,tt0367959,Hannibal Rising,MGM/W,50000000
495,tt5308322,Happy Death Day,Universal,4800000
496,tt0366548,Happy Feet,WB,100000000
497,tt1402488,Happy Feet Two,WB,135000000
499,tt0424136,Hard Candy,LIONSGATE,950000
500,tt3072482,Hardcore Henry,STX,2000000
501,tt1289406,Harry Brown,Gold.,7300000
502,tt0330373,Harry Potter and the Goblet of Fire,WB,150000000
503,tt0417741,Harry Potter and the Half-Blood Prince,WB,250000000
504,tt0373889,Harry Potter and the Order of the Phoenix,WB,150000000
505,tt0433387,Harsh Times,MGM,2000000
506,tt1506999,Haywire,Rela.,23000000
507,tt2582782,Hell or High Water,LIONSGATE,12000000
508,tt0411477,Hellboy II: The Golden Army,Universal,85000000
509,tt1648179,Here Comes the Boom,Sony Pictures/Columbia,42000000
510,tt1212419,Hereafter,WB,50000000
511,tt1001508,He's Just Not That Into You,WB (NL),40000000
512,tt4846340,Hidden Figures,Fox,25000000
513,tt0382077,Hide and Seek,20th Century Fox,30000000
514,tt0962726,High School Musical 3: Senior Year,BUENA VISTA,11000000
515,tt2097307,Hit and Run,ORF,2000000
516,tt0386588,Hitch,Sony Pictures/Columbia,70000000
517,tt0975645,Hitchcock,Fox Searchlight,15700000
518,tt0465494,Hitman,20th Century Fox,24000000
519,tt2679042,Hitman: Agent 47,Fox,35000000
520,tt0427969,Hollywoodland,Focus,28000000
521,tt5719700,Home Again,ORF,12000000
522,tt2312718,Homefront,ORF,22000000
523,tt1411704,Hop,Universal,63000000
524,tt1535438,Hope Springs,Sony Pictures/Columbia,30000000
526,tt1499658,Horrible Bosses,WB (NL),35000000
527,tt2170439,Horrible Bosses 2,WB,42000000
528,tt0340163,Hostage,Mira.,52000000
529,tt0450278,Hostel,Lions,4800000
530,tt5478478,Hostiles,ENTMP,39000000
532,tt2967224,Hot Pursuit,WB (NL),35000000
534,tt1231587,Hot Tub Time Machine,MGM,36000000
535,tt2637294,Hot Tub Time Machine 2,Paramount,14000000
536,tt5834262,Hotel Artemis,Global Road,15000000
538,tt0837562,Hotel Transylvania,Sony Pictures/Columbia,85000000
539,tt2510894,Hotel Transylvania 2,Sony Pictures/Columbia,80000000
540,tt5220122,Hotel Transylvania 3: Summer Vacation,Sony Pictures/Columbia,80000000
541,tt0397065,House of Wax,WB,40000000
542,tt1341188,How Do You Know,Sony Pictures/Columbia,120000000
543,tt1292566,How to Be Single,WB (NL),38000000
544,tt0892769,How to Train Your Dragon,P/DW,165000000
545,tt1646971,How to Train Your Dragon 2,Fox,145000000
546,tt2386490,How to Train Your Dragon: The Hidden World,Universal,129000000
547,tt0970179,Hugo,Paramount,150000000
548,tt1846589,Hunter Killer,LG/S,40000000
549,tt0480249,I Am Legend,WB,150000000
550,tt1464540,I Am Number Four,BUENA VISTA,60000000
551,tt6791096,I Feel Pretty,STX,32000000
552,tt0897361,I Know Who Killed Me,Sony Pictures/Columbia,12000000
553,tt1155056,"I Love You, Man",P/DW,40000000
554,tt1418377,"I, Frankenstein",LIONSGATE,65000000
555,tt5580036,"I, Tonya",Neon,11000000
556,tt3416828,Ice Age: Collision Course,Fox,105000000
557,tt1667889,Ice Age: Continental Drift,20th Century Fox,95000000
558,tt1080016,Ice Age: Dawn of the Dinosaurs,20th Century Fox,90000000
559,tt0438097,Ice Age: The Meltdown,20th Century Fox,80000000
560,tt2024432,Identity Thief,Universal,35000000
561,tt7125860,If Beale Street Could Talk,Annapurna,12000000
562,tt1355630,If I Stay,WB (NL),11000000
563,tt0368794,I'm Not There,Wein.,20000000
564,tt1253864,Immortals,Rela.,75000000
565,tt0780536,In Bruges,Focus,15000000
567,tt1390411,In the Heart of the Sea,WB,100000000
568,tt0419843,In the Land of Women,WB,10000000
571,tt1637688,In Time,20th Century Fox,40000000
572,tt1375666,Inception,WB,160000000
573,tt3606756,Incredibles 2,BUENA VISTA,200000000
574,tt1628841,Independence Day: Resurgence,Fox,165000000
575,tt0367882,Indiana Jones and the Kingdom of the Crystal,Paramount,185000000
576,tt3062096,Inferno,Sony Pictures/Columbia,75000000
577,tt0361748,Inglourious Basterds,Wein.,70000000
579,tt1791528,Inherent Vice,WB,20000000
580,tt0494238,Inkheart,WB (NL),60000000
581,tt2042568,Inside Llewyn Davis,CBS,11000000
582,tt0454848,Inside Man,Universal,45000000
583,tt2096673,Inside Out,BUENA VISTA,175000000
584,tt1591095,Insidious,FD,1500000
585,tt5726086,Insidious: The Last Key,Universal,10000000
586,tt0816692,Interstellar,Paramount,165000000
587,tt0378109,Into the Blue,Sony Pictures/Columbia,50000000
588,tt0758758,Into the Wild,ParV,15000000
589,tt2180411,Into the Woods,BUENA VISTA,50000000
590,tt1057500,Invictus,WB,60000000
591,tt0445990,Invincible,BUENA VISTA,40000000
592,tt0371746,Iron Man,Paramount,140000000
593,tt1228705,Iron Man 2,Paramount,200000000
594,tt3715320,Irrational Man,SPC,11000000
595,tt2452244,Isn't It Romantic,WB (NL),31000000
596,tt1396484,It,WB (NL),35000000
597,tt3235888,It Follows,RTWC,1000000
598,tt1230414,It's Complicated,Universal,85000000
599,tt0804497,It's Kind of a Funny Story,Focus,8000000
600,tt1616195,J. Edgar,WB,35000000
601,tt0810913,Jack and Jill,Sony Pictures/Columbia,79000000
602,tt0790724,Jack Reacher,Paramount,60000000
603,tt3393786,Jack Reacher: Never Go Back,Paramount,60000000
604,tt1205537,Jack Ryan: Shadow Recruit,Paramount,60000000
605,tt1351685,Jack the Giant Slayer,WB (NL),195000000
606,tt1619029,Jackie,Fox Searchlight,9000000
608,tt0418763,Jarhead,Universal,72000000
609,tt4196776,Jason Bourne,Universal,120000000
611,tt1131734,Jennifer's Body,20th Century Fox,16000000
612,tt1742044,Jersey Boys,WB,40000000
613,tt3348730,Jigsaw,LIONSGATE,10000000
614,tt2357129,Jobs,ORF,12000000
616,tt0401729,John Carter,BUENA VISTA,250000000
618,tt0455967,John Tucker Must Die,20th Century Fox,18000000
619,tt2911666,John Wick,LG/S,20000000
620,tt6146586,John Wick: Chapter 3 - Parabellum,LG/S,75000000
621,tt6921996,Johnny English Strikes Again,Universal,25000000
622,tt1075747,Jonah Hex,WB,47000000
623,tt1397514,Journey 2: The Mysterious Island,WB (NL),79000000
624,tt0373051,Journey to the Center of the Earth,WB (NL),60000000
625,tt2446980,Joy,Fox,60000000
626,tt1135503,Julie & Julia,Sony Pictures/Columbia,40000000
628,tt2283362,Jumanji: Welcome to the Jungle,Sony Pictures/Columbia,90000000
629,tt0489099,Jumper,20th Century Fox,85000000
630,tt0467406,Juno,Fox Searchlight,7500000
631,tt1617661,Jupiter Ascending,WB,176000000
632,tt0369610,Jurassic World,Universal,150000000
633,tt4881806,Jurassic World: Fallen Kingdom,Universal,170000000
635,tt0425123,Just Like Heaven,DW,58000000
636,tt0397078,Just My Luck,20th Century Fox,28000000
637,tt0974015,Justice League,WB,300000000
638,tt4139124,Keanu,WB (NL),15000000
639,tt0444653,Keeping Mum,Think,169000
640,tt2387499,Keeping Up with the Joneses,Fox,40000000
641,tt1250777,Kick-Ass,LIONSGATE,30000000
642,tt1650554,Kick-Ass 2,Universal,28000000
643,tt1448755,Killer Elite,ORF,70000000
644,tt1103153,Killers,LIONSGATE,75000000
645,tt1764234,Killing Them Softly,Wein.,15000000
646,tt1972591,King Arthur: Legend of the Sword,WB,175000000
647,tt0360717,King Kong,Universal,207000000
648,tt0320661,Kingdom of Heaven,20th Century Fox,130000000
649,tt4649466,Kingsman: The Golden Circle,Fox,104000000
650,tt2802144,Kingsman: The Secret Service,Fox,81000000
651,tt3605418,Knock Knock,LGP,2500000
652,tt0478311,Knocked Up,Universal,30000000
653,tt0448011,Knowing,Sum.,50000000
654,tt3731562,Kong: Skull Island,WB,185000000
655,tt3850590,Krampus,Universal,15000000
656,tt4302938,Kubo and the Two Strings,Focus,60000000
657,tt0441773,Kung Fu Panda,P/DW,130000000
658,tt1302011,Kung Fu Panda 2,P/DW,150000000
659,tt2267968,Kung Fu Panda 3,Fox,145000000
660,tt3783958,La La Land,LG/S,30000000
661,tt1967545,Labor Day,Paramount,18000000
662,tt4925292,Lady Bird,A24,10000000
663,tt0452637,Lady in the Water,WB,70000000
664,tt2034031,Laggies,A24,5000000
665,tt0947802,Lakeview Terrace,SGem,20000000
666,tt0457400,Land of the Lost,Universal,100000000
667,tt1583420,Larry Crowne,Universal,30000000
668,tt0805564,Lars and the Real Girl,MGM,12000000
669,tt0408985,Last Holiday,Paramount,45000000
670,tt1204975,Last Vegas,CBS,28000000
671,tt1197624,Law Abiding Citizen,Over.,50000000
672,tt1212450,Lawless,Wein.,26000000
674,tt1216492,Leap Year,Universal,19000000
675,tt0379865,Leatherheads,Universal,58000000
676,tt1151359,Leaves of Grass,First,9000000
677,tt0089469,Legend,Universal,24500000
678,tt3569230,Legend,Universal,30000000
679,tt1219342,Legend of the Guardians: The Owls of Ga'Hool,WB,80000000
680,tt1228987,Let Me In,Over.,20000000
681,tt1924435,Let's Be Cops,Fox,17000000
682,tt0498380,Letters from Iwo Jima,WB,19000000
683,tt0892318,Letters to Juliet,Sum.,30000000
684,tt0762114,License to Wed,WB,35000000
685,tt1055292,Life as We Know It,WB,38000000
686,tt0454876,Life of Pi,20th Century Fox,120000000
687,tt5619332,Life of the Party,WB (NL),30000000
688,tt4786282,Lights Out,WB (NL),4900000
689,tt1219289,Limitless,Rela.,27000000
690,tt0443272,Lincoln,BUENA VISTA,65000000
691,tt3741834,Lion,Wein.,12000000
692,tt0891527,Lions for Lambs,UA,35000000
693,tt0404203,Little Children,NL,26000000
694,tt0970866,Little Fockers,Universal,100000000
695,tt0430304,Little Man,SonR,64000000
696,tt0449059,Little Miss Sunshine,Fox Searchlight,8000000
697,tt0337978,Live Free or Die Hard,20th Century Fox,110000000
698,tt1592525,Lockout,FD,20000000
699,tt5439796,Logan Lucky,BST,29000000
700,tt3300542,London Has Fallen,Focus,60000000
701,tt1091191,Lone Survivor,Universal,40000000
702,tt2139881,Long Shot,LG/S,40000000
703,tt1276104,Looper,TriS,30000000
704,tt0399295,Lord of War,Lions,50000000
705,tt0355702,Lords of Dogtown,Sony Pictures/Columbia,25000000
706,tt0903657,Love & Mercy,RAtt.,10000000
707,tt0899106,Love Happens,Universal,18000000
708,tt5164432,"Love, Simon",Fox,17000000
709,tt4669986,Loving,Focus,9000000
711,tt0425210,Lucky Number Slevin,MGM/W,27000000
712,tt2872732,Lucy,Universal,40000000
714,tt1470023,MacGruber,Universal,10000000
715,tt0985694,Machete,20th Century Fox,10500000
716,tt2002718,Machete Kills,ORF,20000000
717,tt1392190,Mad Max: Fury Road,WB,150000000
718,tt0351283,Madagascar,DW,75000000
719,tt1277953,Madagascar 3: Europe's Most Wanted,P/DW,145000000
720,tt0479952,Madagascar: Escape 2 Africa,P/DW,150000000
721,tt0866439,Made of Honor,Sony Pictures/Columbia,40000000
722,tt2870756,Magic in the Moonlight,SPC,16800000
723,tt1915581,Magic Mike,WB,7000000
724,tt2268016,Magic Mike XXL,WB,14800000
725,tt1587310,Maleficent,BUENA VISTA,180000000
726,tt2023587,Mama,Universal,15000000
727,tt0795421,Mamma Mia!,Universal,52000000
728,tt6911608,Mamma Mia! Here We Go Again,Universal,75000000
729,tt0770828,Man of Steel,WB,225000000
730,tt0483726,Man of the Year,Universal,20000000
731,tt1568338,Man on a Ledge,LG/S,42000000
732,tt4034228,Manchester by the Sea,RAtt.,9000000
733,tt2304771,Mandela: Long Walk to Freedom,Wein.,35000000
734,tt6998518,Mandy,RLJ,6000000
736,tt2172584,Maps to the Stars,FCW,15000000
737,tt0422720,Marie Antoinette,Sony Pictures/Columbia,40000000
738,tt5028340,Mary Poppins Returns,BUENA VISTA,130000000
739,tt2328900,Mary Queen of Scots,Focus,25000000
740,tt0416320,Match Point,DW,15000000
741,tt0467197,Max Payne,20th Century Fox,35000000
742,tt4500922,Maze Runner: The Death Cure,Fox,62000000
743,tt4046784,Maze Runner: The Scorch Trials,Fox,61000000
744,tt2097298,"McFarland, USA",BUENA VISTA,17000000
745,tt2582496,Me and Earl and the Dying Girl,Fox Searchlight,8000000
746,tt0415978,Me and You and Everyone We Know,IFC,2000000
747,tt2674426,Me Before You,WB (NL),20000000
748,tt3522806,Mechanic: Resurrection,LG/S,40000000
749,tt0765476,Meet Dave,20th Century Fox,60000000
750,tt4191580,Meet the Blacks,Free,900000
751,tt0396555,Meet the Robinsons,BUENA VISTA,150000000
752,tt1073498,Meet the Spartans,20th Century Fox,30000000
753,tt1001526,Megamind,P/DW,130000000
754,tt0397535,Memoirs of a Geisha,Sony Pictures/Columbia,85000000
755,tt3179568,"Men, Women & Children",Paramount,16000000
756,tt0430357,Miami Vice,Universal,135000000
757,tt0465538,Michael Clayton,WB,25000000
759,tt1251757,Middle Men,ParV,20000000
760,tt1605783,Midnight in Paris,SPC,17000000
761,tt2823054,Mike and Dave Need Wedding Dates,Fox,33000000
762,tt4560436,Mile 22,STX,50000000
763,tt1013753,Milk,Focus,20000000
764,tt1647668,Million Dollar Arm,BUENA VISTA,25000000
765,tt0297284,Mindhunters,Dim.,27000000
766,tt2293640,Minions,Universal,74000000
767,tt1046997,Miracle at St. Anna,BUENA VISTA,45000000
768,tt1667353,Mirror Mirror,Rela.,85000000
769,tt0790686,Mirrors,20th Century Fox,35000000
770,tt1935859,Miss Peregrine's Home for Peculiar Children,Fox,110000000
772,tt4540710,Miss Sloane,EC,13000000
773,tt4912910,Mission: Impossible - Fallout,Paramount,178000000
774,tt1229238,Mission: Impossible - Ghost Protocol,Paramount,145000000
775,tt2381249,Mission: Impossible - Rogue Nation,Paramount,150000000
776,tt0317919,Mission: Impossible III,Paramount,150000000
777,tt3521164,Moana,BUENA VISTA,150000000
778,tt4209788,Molly's Game,STX,30000000
779,tt2241351,Money Monster,TriS,27000000
780,tt1210166,Moneyball,Sony Pictures/Columbia,50000000
781,tt0416044,Mongol,PicH,18000000
782,tt0385880,Monster House,Sony Pictures/Columbia,75000000
783,tt0369735,Monster-in-Law,NL,43000000
784,tt1453405,Monsters University,BUENA VISTA,200000000
785,tt1067774,Monte Carlo,20th Century Fox,20000000
786,tt1182345,Moon,SPC,5000000
787,tt4975722,Moonlight,Indic.,4000000
788,tt1748122,Moonrise Kingdom,Focus,16000000
789,tt4520364,Morgan,Fox,8000000
790,tt1126618,Morning Glory,Paramount,40000000
791,tt1571234,Mortal Engines,Universal,100000000
792,tt3045616,Mortdecai,LIONSGATE,60000000
793,tt4824302,Mother's Day,ORF,25000000
794,tt1333125,Movie 43,Rela.,6000000
795,tt0356910,Mr. & Mrs. Smith,20th Century Fox,110000000
796,tt0453451,Mr. Bean's Holiday,Universal,25000000
797,tt0780571,Mr. Brooks,MGM,20000000
798,tt3168230,Mr. Holmes,RAtt.,10000000
799,tt0457419,Mr. Magorium's Wonder Emporium,20th Century Fox,65000000
800,tt0864835,Mr. Peabody & Sherman,Fox,145000000
801,tt1396218,Mr. Popper's Penguins,20th Century Fox,55000000
802,tt2091935,Mr. Right,FCW,8000000
803,tt0419984,Mr. Woodcock,NL,22000000
804,tt1935179,Mud,RAtt.,10000000
805,tt0408306,Munich,Universal,70000000
806,tt2281587,Muppets Most Wanted,BUENA VISTA,50000000
807,tt0758766,Music and Lyrics,WB,40000000
808,tt0417001,Must Love Dogs,WB,30000000
809,tt1046163,My Best Friend's Girl,LIONSGATE,20000000
810,tt3760922,My Big Fat Greek Wedding 2,Universal,18000000
811,tt1078588,My Sister's Keeper,WB (NL),30000000
812,tt0465624,My Super Ex-Girlfriend,20th Century Fox,30000000
815,tt0457510,Nacho Libre,Paramount,35000000
816,tt0396752,Nanny McPhee,Universal,25000000
817,tt0465234,National Treasure: Book of Secrets,BUENA VISTA,130000000
818,tt1821549,Nebraska,Paramount,12000000
819,tt2369135,Need for Speed,BUENA VISTA,66000000
820,tt2004420,Neighbors,Universal,18000000
821,tt4438848,Neighbors 2: Sorority Rising,Universal,35000000
822,tt3531824,Nerve,LIONSGATE,19000000
823,tt1023111,Never Back Down,Sum.,20000000
824,tt1334260,Never Let Me Go,Fox Searchlight,15000000
825,tt1095174,New in Town,LIONSGATE,8000000
826,tt1598822,New Year's Eve,WB (NL),56000000
827,tt0808399,"New York, I Love You",Viv.,14700000
828,tt0435705,Next,Paramount,70000000
829,tt0981227,Nick and Norah's Infinite Playlist,Sony Pictures/Columbia,10000000
830,tt0477347,Night at the Museum,20th Century Fox,110000000
831,tt1078912,Night at the Museum: Battle of the Smithsoni,20th Century Fox,150000000
832,tt2692250,Night at the Museum: Secret of the Tomb,Fox,127000000
833,tt2872718,Nightcrawler,ORF,8500000
834,tt0410377,Nim's Island,20th Century Fox,37000000
835,tt0875034,Nine,Wein.,80000000
836,tt1186367,Ninja Assassin,WB,40000000
837,tt0477348,No Country for Old Men,Mira.,25000000
838,tt1781922,No Escape,Wein.,16200000
839,tt0481141,No Reservations,WB,28000000
840,tt1411238,No Strings Attached,Paramount,25000000
841,tt1959490,Noah,Paramount,125000000
842,tt4550098,Nocturnal Animals,Focus,22500000
843,tt2024469,Non-Stop,Universal,50000000
844,tt0477051,Norbit,P/DW,60000000
845,tt0395972,North Country,WB,35000000
846,tt0465551,Notes on a Scandal,Fox Searchlight,15000000
847,tt1670345,Now You See Me,LG/S,75000000
848,tt3110958,Now You See Me 2,LG/S,90000000
850,tt1483013,Oblivion,Universal,120000000
851,tt1197628,Observe and Report,WB,18000000
852,tt1198138,Obsessed,SGem,20000000
853,tt0496806,Ocean's Thirteen,WB,85000000
854,tt2388715,Oculus,Rela.,5000000
855,tt1711525,Office Christmas Party,Paramount,45000000
856,tt0976238,Old Dogs,BUENA VISTA,35000000
857,tt1321511,Oldboy,Tar.,30000000
858,tt2302755,Olympus Has Fallen,FD,70000000
859,tt0907657,Once,Fox Searchlight,150000
860,tt1563738,One Day,Focus,15000000
861,tt0479968,One Missed Call,WB,20000000
862,tt3829920,Only the Brave,Indic.,38000000
863,tt0400717,Open Season,Sony Pictures/Columbia,85000000
864,tt5208252,Operation Finale,MGM,24000000
866,tt1204977,Ouija,Universal,5000000
867,tt4361050,Ouija: Origin of Evil,Universal,9000000
868,tt1637706,Our Idiot Brother,Wein.,5000000
869,tt1206543,Out of the Furnace,Rela.,22000000
870,tt0327084,Over the Hedge,P/DW,80000000
871,tt4530422,Overlord,Paramount,38000000
872,tt0431308,P.S. I Love You,WB,30000000
873,tt0804516,P2,Sum.,8000000
874,tt1663662,Pacific Rim,WB,190000000
875,tt1109624,Paddington,W/Dim.,55000000
876,tt4468740,Paddington 2,WB,40000000
877,tt3332064,Pan,WB,150000000
878,tt1188729,Pandorum,Over.,33000000
879,tt3622592,Paper Towns,Fox,12000000
880,tt1413495,Paranoia,Rela.,35000000
881,tt1179904,Paranormal Activity,Paramount,15000
882,tt1536044,Paranormal Activity 2,Paramount,3000000
883,tt1778304,Paranormal Activity 3,Paramount,5000000
884,tt2109184,Paranormal Activity 4,Paramount,5000000
885,tt2473682,Paranormal Activity: The Marked Ones,Paramount,5000000
886,tt1623288,ParaNorman,Focus,60000000
887,tt0401711,"Paris, je t'aime",First,13000000
888,tt1904996,Parker,FD,35000000
889,tt4572514,Patriots Day,LIONSGATE,45000000
890,tt1092026,Paul,Universal,40000000
891,tt1114740,Paul Blart: Mall Cop,Sony Pictures/Columbia,26000000
892,tt3450650,Paul Blart: Mall Cop 2,Sony Pictures/Columbia,30000000
893,tt1596345,Pawn Sacrifice,BST,19000000
894,tt1911658,Penguins of Madagascar,Fox,132000000
895,tt1716777,People Like Us,BUENA VISTA,16000000
896,tt6850820,Peppermint,STX,25000000
897,tt1854564,Percy Jackson: Sea of Monsters,20th Century Fox,90000000
898,tt0457433,Perfect Stranger,SonR,60795000
899,tt4714782,Personal Shopper,IFC,6000000
900,tt5117670,Peter Rabbit,Sony Pictures/Columbia,50000000
901,tt5776858,Phantom Thread,Focus,35000000
902,tt2431286,Philomena,Wein.,12000000
904,tt0910936,Pineapple Express,Sony Pictures/Columbia,27000000
905,tt0464154,Piranha 3D,W/Dim.,24000000
906,tt0449088,Pirates of the Caribbean: At World's End,BUENA VISTA,300000000
907,tt0383574,Pirates of the Caribbean: Dead Man's Chest,BUENA VISTA,225000000
908,tt1790809,Pirates of the Caribbean: Dead Men Tell No T,BUENA VISTA,230000000
909,tt1298650,Pirates of the Caribbean: On Stranger Tides,BUENA VISTA,250000000
910,tt1981677,Pitch Perfect,Universal,17000000
911,tt2848292,Pitch Perfect 2,Universal,29000000
912,tt4765284,Pitch Perfect 3,Universal,45000000
913,tt2120120,Pixels,Sony Pictures/Columbia,88000000
914,tt1691917,Planes,BUENA VISTA,50000000
915,tt0762125,Planet 51,Sony Pictures/Columbia,70000000
916,tt1540128,Playing for Keeps,FD,35000000
917,tt1921064,Pompeii,TriS,100000000
918,tt3960412,Popstar: Never Stop Never Stopping,Universal,20000000
919,tt0409182,Poseidon,WB,160000000
920,tt1424381,Predators,20th Century Fox,40000000
922,tt1547234,Premium Rush,Sony Pictures/Columbia,35000000
923,tt0477071,Premonition,Sony Pictures/Columbia,20000000
924,tt1374989,Pride and Prejudice and Zombies,SGem,28000000
925,tt0822847,Priest,SGem,60000000
926,tt0387514,Prime,Universal,22000000
927,tt0473075,Prince of Persia: The Sands of Time,BUENA VISTA,200000000
928,tt1392214,Prisoners,WB,46000000
929,tt2436386,Project Almanac,Paramount,12000000
930,tt1636826,Project X,WB,12000000
931,tt1446714,Prometheus,20th Century Fox,130000000
932,tt1152836,Public Enemies,Universal,100000000
933,tt0454919,Pulse,W/Dim.,20500000
934,tt0450314,Punisher: War Zone,LIONSGATE,35000000
935,tt0465580,Push,Sum.,38000000
936,tt0448694,Puss in Boots,P/DW,130000000
937,tt0830515,Quantum of Solace,Sony Pictures/Columbia,200000000
938,tt1082868,Quarantine,SGem,12000000
939,tt0790736,R.I.P.D.,Universal,130000000
941,tt3499096,Race,UTV,30000000
942,tt1075417,Race to Witch Mountain,BUENA VISTA,65000000
944,tt5848272,Ralph Breaks the Internet,BUENA VISTA,175000000
945,tt0462499,Rambo,LIONSGATE,50000000
947,tt1192628,Rango,Paramount,135000000
948,tt0382932,Ratatouille,BUENA VISTA,150000000
949,tt1677720,Ready Player One,WB,175000000
950,tt0433035,Real Steel,BUENA VISTA,110000000
951,tt0421239,Red Eye,DW,26000000
952,tt1486185,Red Riding Hood,WB,42000000
953,tt2873282,Red Sparrow,Fox,69000000
954,tt0485985,Red Tails,20th Century Fox,58000000
955,tt0490204,Reign Over Me,Sony Pictures/Columbia,20000000
956,tt1403981,Remember Me,Sum.,16000000
957,tt0804522,Rendition,NL,27500000
958,tt0499554,Reno 911!: Miami,20th Century Fox,10000000
959,tt0294870,Rent,SonR,40000000
960,tt4154916,Replicas,ENTMP,30000000
961,tt1053424,Repo Men,Universal,32000000
962,tt1220634,Resident Evil: Afterlife,SGem,60000000
963,tt0432021,Resident Evil: Extinction,SGem,45000000
964,tt1855325,Resident Evil: Retribution,SGem,65000000
965,tt2592614,Resident Evil: The Final Chapter,SGem,40000000
966,tt0959337,Revolutionary Road,ParV,35000000
967,tt1411250,Riddick,Universal,38000000
968,tt1408253,Ride Along,Universal,25000000
969,tt2869728,Ride Along 2,Universal,40000000
970,tt1034331,Righteous Kill,Over.,60000000
971,tt0498381,Rings,Paramount,25000000
972,tt1436562,Rio,20th Century Fox,90000000
973,tt2357291,Rio 2,Fox,103000000
974,tt1446192,Rise of the Guardians,P/DW,145000000
975,tt1318514,Rise of the Planet of the Apes,20th Century Fox,93000000
976,tt0955308,Robin Hood,Universal,200000000
977,tt4532826,Robin Hood,Universal,100000000
978,tt0358082,Robots,20th Century Fox,75000000
979,tt1336608,Rock of Ages,WB (NL),75000000
980,tt2066051,Rocketman,Paramount,40000000
981,tt0479143,Rocky Balboa,MGM,24000000
982,tt0430922,Role Models,Universal,28000000
983,tt6000478,"Roman J. Israel, Esq.",Sony Pictures/Columbia,22000000
984,tt3170832,Room,A24,13000000
985,tt4799050,Rough Night,Sony Pictures/Columbia,20000000
986,tt2199571,Run All Night,WB,50000000
987,tt2364841,Runner Runner,20th Century Fox,30000000
988,tt0404390,Running Scared,NL,15000000
989,tt0293564,Rush Hour 3,NL,140000000
990,tt0449089,RV,Sony Pictures/Columbia,50000000
991,tt1702439,Safe Haven,Rela.,28000000
992,tt1599348,Safe House,Universal,85000000
993,tt0318649,Sahara,Paramount,130000000
994,tt0944835,Salt,Sony Pictures/Columbia,110000000
995,tt2126355,San Andreas,WB (NL),110000000
996,tt0881320,Sanctum,Universal,30000000
998,tt1700841,Sausage Party,Sony Pictures/Columbia,19000000
999,tt2140373,Saving Mr. Banks,BUENA VISTA,35000000
1000,tt1477076,Saw 3D,LIONSGATE,20000000
1001,tt0432348,Saw II,Lions,4000000
1002,tt0489270,Saw III,LIONSGATE,10000000
1003,tt0890870,Saw IV,LIONSGATE,10000000
1004,tt1132626,Saw V,LIONSGATE,10800000
1005,tt1233227,Saw VI,LIONSGATE,11000000
1006,tt0362120,Scary Movie 4,W/Dim.,45000000
1007,tt0795461,Scary Movie 5,W/Dim.,20000000
1008,tt3387520,Scary Stories to Tell in the Dark,LIONSGATE,25000000
1009,tt0462519,School for Scoundrels,MGM/W,35000000
1010,tt0446029,Scott Pilgrim vs. the World,Universal,60000000
1011,tt1727776,Scouts Guide to the Zombie Apocalypse,Paramount,15000000
1012,tt1262416,Scream 4,W/Dim.,40000000
1013,tt0479997,Season of the Witch,Rela.,40000000
1014,tt1028576,Secretariat,BUENA VISTA,35000000
1015,tt0437179,See No Evil,LIONSGATE,8000000
1016,tt1307068,Seeking a Friend for the End of the World,Focus,10000000
1017,tt1020072,Selma,Paramount,20000000
1018,tt0839980,Semi-Pro,NL,55000000
1019,tt1247690,Serena,Magn.,30000000
1020,tt0379786,Serenity,Universal,39000000
1021,tt6476140,Serenity,Universal,25000000
1022,tt0814314,Seven Pounds,Sony Pictures/Columbia,55000000
1023,tt1931533,Seven Psychopaths,CBS,15000000
1024,tt1121096,Seventh Son,Universal,95000000
1025,tt1000774,Sex and the City,WB (NL),65000000
1026,tt1261945,Sex and the City 2,WB (NL),100000000
1027,tt1135985,Sex Drive,Sum.,19000000
1028,tt1956620,Sex Tape,Sony Pictures/Columbia,40000000
1029,tt2872750,Shaun the Sheep Movie,LIONSGATE,25000000
1030,tt0448115,Shazam!,WB (NL),100000000
1031,tt0988045,Sherlock Holmes,WB,90000000
1032,tt1515091,Sherlock Holmes: A Game of Shadows,WB,125000000
1033,tt0815236,She's Out of My League,Paramount,20000000
1034,tt0454945,She's the Man,P/DW,20000000
1035,tt0465602,Shoot 'Em Up,NL,39000000
1036,tt0822854,Shooter,Paramount,61000000
1038,tt0367027,Shortbus,Think,2000000
1039,tt0892791,Shrek Forever After,P/DW,165000000
1040,tt0413267,Shrek the Third,P/DW,160000000
1041,tt0482599,Shutter,20th Century Fox,8000000
1042,tt1130884,Shutter Island,Paramount,80000000
1043,tt3397884,Sicario,LIONSGATE,30000000
1044,tt5052474,Sicario: Day of the Soldado,Sony Pictures/Columbia,35000000
1045,tt2053463,Side Effects,Hum.,30000000
1046,tt0384537,Silent Hill,Sony Pictures/Columbia,50000000
1047,tt1045658,Silver Linings Playbook,Wein.,21000000
1048,tt0401792,Sin City,Dim.,40000000
1049,tt3470600,Sing,Universal,75000000
1050,tt1922777,Sinister,LG/S,3000000
1051,tt2752772,Sinister 2,Focus,10000000
1052,tt1850457,Sisters,Universal,30000000
1053,tt0405325,Sky High,BUENA VISTA,35000000
1054,tt1074638,Skyfall,Sony Pictures/Columbia,200000000
1055,tt1564585,Skyline,Universal,10000000
1056,tt5758778,Skyscraper,Universal,125000000
1057,tt2072233,Sleepless,ORF,30000000
1058,tt0439815,Slither,Universal,15000000
1059,tt1010048,Slumdog Millionaire,Fox Searchlight,15000000
1060,tt6182908,Smallfoot,WB,80000000
1061,tt0475394,Smokin' Aces,Universal,17000000
1062,tt0417148,Snakes on a Plane,NL,33000000
1063,tt2334871,Snatched,Fox,42000000
1064,tt0882977,Snitch,LG/S,15000000
1065,tt1735898,Snow White and the Huntsman,Universal,170000000
1066,tt3774114,Snowden,ORF,40000000
1067,tt3778644,Solo: A Star Wars Story,BUENA VISTA,275000000
1068,tt0491152,Something Borrowed,WB,35000000
1069,tt1421051,Somewhere,Focus,7000000
1070,tt0362165,Son of the Mask,NL,84000000
1071,tt1232783,Sorority Row,Sum.,12500000
1073,tt1596346,Soul Surfer,TriS,18000000
1074,tt0945513,Source Code,Sum.,32000000
1075,tt1798684,Southpaw,Wein.,30000000
1076,tt2379713,Spectre,Sony Pictures/Columbia,245000000
1077,tt0811080,Speed Racer,WB,120000000
1078,tt0413300,Spider-Man 3,Sony Pictures/Columbia,258000000
1079,tt2250912,Spider-Man: Homecoming,Sony Pictures/Columbia,175000000
1080,tt1017460,Splice,WB,30000000
1081,tt4972582,Split,Universal,9000000
1082,tt1895587,Spotlight,ORF,20000000
1083,tt2101441,Spring Breakers,A24,5000000
1084,tt3079380,Spy,Fox,65000000
1085,tt2170593,St. Vincent,Wein.,13000000
1086,tt1389096,Stand Up Guys,LIONSGATE,15000000
1087,tt0796366,Star Trek,Paramount,150000000
1088,tt2660888,Star Trek Beyond,Paramount,185000000
1089,tt1408101,Star Trek Into Darkness,Paramount,190000000
1090,tt0121766,Star Wars: Episode III - Revenge of the Sith,20th Century Fox,113000000
1091,tt1185834,Star Wars: The Clone Wars,WB,8500000
1092,tt0486655,Stardust,Paramount,70000000
1094,tt0371257,Stay,20th Century Fox,50000000
1095,tt0441796,Stay Alive,BUENA VISTA,7000000
1096,tt0382992,Stealth,Sony Pictures/Columbia,135000000
1097,tt0838283,Step Brothers,Sony Pictures/Columbia,65000000
1098,tt0462590,Step Up,BUENA VISTA,12000000
1099,tt2626350,Step Up All In,LG/S,45000000
1100,tt1800741,Step Up Revolution,LG/S,33000000
1101,tt2080374,Steve Jobs,Universal,30000000
1103,tt3316960,Still Alice,SPC,5000000
1104,tt1423995,Stone,Over.,22000000
1105,tt4624424,Storks,WB,70000000
1106,tt1398426,Straight Outta Compton,Universal,28000000
1107,tt0420223,Stranger Than Fiction,Sony Pictures/Columbia,30000000
1108,tt0421073,Street Kings,Fox Searchlight,20000000
1109,tt3881784,Stronger,RAtt.,30000000
1110,tt0491175,Suburbicon,Paramount,25000000
1111,tt0978764,Sucker Punch,WB,82000000
1112,tt1386697,Suicide Squad,WB,175000000
1113,tt3263904,Sully,WB,60000000
1114,tt4832640,Sultan,Yash,13430000
1116,tt0862846,Sunshine Cleaning,Over.,8000000
1117,tt1650062,Super 8,Paramount,50000000
1118,tt0829482,Superbad,Sony Pictures/Columbia,20000000
1119,tt0426592,Superhero Movie,MGM/W,35000000
1120,tt0348150,Superman Returns,WB,270000000
1121,tt0423294,Surf's Up,Sony Pictures/Columbia,100000000
1122,tt0986263,Surrogates,BUENA VISTA,80000000
1123,tt1034415,Suspiria,Amazon,20000000
1124,tt0408236,Sweeney Todd: The Demon Barber of Fleet Stre,P/DW,50000000
1125,tt4034354,Swiss Army Man,A24,3000000
1126,tt0815244,Sydney White,Universal,16500000
1127,tt0383028,"Synecdoche, New York",SPC,20000000
1128,tt0365737,Syriana,WB,50000000
1129,tt2854926,Tag,WB (NL),28000000
1130,tt0810922,Take Me Home Tonight,Rela.,23000000
1131,tt0936501,Taken,20th Century Fox,25000000
1132,tt1397280,Taken 2,20th Century Fox,45000000
1133,tt2446042,Taken 3,Fox,48000000
1134,tt1135084,Takers,SGem,32000000
1135,tt1127896,Taking Woodstock,Focus,30000000
1136,tt0415306,Talladega Nights: The Ballad of Ricky Bobby,Sony Pictures/Columbia,72500000
1138,tt2103254,Tammy,WB (NL),20000000
1139,tt3824458,Tangerine,Magn.,100000
1140,tt0398286,Tangled,BUENA VISTA,260000000
1142,tt1637725,Ted,Universal,50000000
1143,tt2637276,Ted 2,Universal,68000000
1144,tt3949660,Teenage Mutant Ninja Turtles: Out of the Sha,Paramount,135000000
1145,tt0438488,Terminator Salvation,WB,200000000
1146,tt1572315,Texas Chainsaw 3D,LIONSGATE,20000000
1147,tt0427944,Thank You for Smoking,Fox Searchlight,6500000
1148,tt1800246,That Awkward Moment,Focus,8000000
1149,tt1232200,That's My Boy,Sony Pictures/Columbia,70000000
1150,tt6802308,The 15:17 to Paris,WB,30000000
1151,tt2006295,The 33,WB,26000000
1152,tt2304933,The 5th Wave,Sony Pictures/Columbia,38000000
1153,tt2140479,The Accountant,WB,44000000
1154,tt1385826,The Adjustment Bureau,Universal,50200000
1155,tt0983193,The Adventures of Tintin,Paramount,135000000
1156,tt1655441,The Age of Adaline,LIONSGATE,25000000
1157,tt0948470,The Amazing Spider-Man,Sony Pictures/Columbia,230000000
1158,tt1872181,The Amazing Spider-Man 2,Sony Pictures/Columbia,200000000
1159,tt1440728,The American,Focus,20000000
1160,tt0429589,The Ant Bully,WB,50000000
1161,tt1655442,The Artist,Wein.,15000000
1162,tt0443680,The Assassination of Jesse James by the Cowa,WB,30000000
1163,tt0429493,The A-Team,20th Century Fox,110000000
1164,tt0357110,The Ballad of Jack and Rose,IFC,1500000
1165,tt0200465,The Bank Job,LIONSGATE,20000000
1166,tt1082807,The Belko Experiment,BH Tilt,5000000
1167,tt0437863,The Benchwarmers,SonR,33000000
1168,tt1412386,The Best Exotic Marigold Hotel,Fox Searchlight,10000000
1169,tt1972779,The Best of Me,Rela.,26000000
1170,tt3691740,The BFG,BUENA VISTA,140000000
1171,tt1596363,The Big Short,Paramount,28000000
1172,tt5462602,The Big Sick,LIONSGATE,5000000
1173,tt1931435,The Big Wedding,LIONSGATE,35000000
1174,tt0387877,The Black Dahlia,Universal,50000000
1175,tt0878804,The Blind Side,WB,29000000
1176,tt2132285,The Bling Ring,A24,8000000
1177,tt1037705,The Book of Eli,WB,80000000
1178,tt0816442,The Book Thief,20th Century Fox,19000000
1179,tt1300851,The Boondock Saints II: All Saints Day,App.,8000000
1180,tt2702724,The Boss,Universal,29000000
1181,tt3874544,The Boss Baby,Fox,125000000
1182,tt1038919,The Bounty Hunter,Sony Pictures/Columbia,40000000
1183,tt1194173,The Bourne Legacy,Universal,125000000
1184,tt0440963,The Bourne Ultimatum,Universal,110000000
1185,tt0362478,The Box,WB,30000000
1186,tt0787474,The Boxtrolls,Focus,60000000
1187,tt3181822,The Boy Next Door,Universal,4000000
1188,tt0476964,The Brave One,WB,70000000
1189,tt0452594,The Break-Up,Universal,52000000
1190,tt0355295,The Brothers Grimm,Dim.,88000000
1191,tt0825232,The Bucket List,WB,45000000
1192,tt1259521,The Cabin in the Woods,LIONSGATE,30000000
1193,tt1911644,The Call,TriS,13000000
1194,tt1790886,The Campaign,WB,95000000
1196,tt0402901,The Cave,SGem,30000000
1197,tt1488555,The Change-Up,Universal,52000000
1198,tt0889588,The Children of Huang Shi,SPC,40000000
1200,tt0499448,The Chronicles of Narnia: Prince Caspian,BUENA VISTA,225000000
1201,tt0363771,"The Chronicles of Narnia: The Lion, the Witc",BUENA VISTA,180000000
1202,tt0980970,The Chronicles of Narnia: The Voyage of the,20th Century Fox,155000000
1203,tt1366365,The Cold Light of Day,LG/S,20000000
1204,tt1748227,The Collection,LD,7500000
1205,tt0844479,The Collector,Free,6000000
1206,tt1590193,The Commuter,LIONSGATE,30000000
1207,tt1172991,The Company Men,Wein.,15000000
1208,tt1381404,The Company You Keep,SPC,2000000
1210,tt1457767,The Conjuring,WB (NL),20000000
1211,tt3065204,The Conjuring 2,WB (NL),40000000
1212,tt0968264,The Conspirator,RAtt.,25000000
1213,tt0387131,The Constant Gardener,Focus,25000000
1214,tt2193215,The Counselor,20th Century Fox,25000000
1215,tt0475944,The Covenant,SGem,20000000
1216,tt0455407,The Crazies,Over.,20000000
1217,tt0481499,The Croods,20th Century Fox,135000000
1218,tt0421715,The Curious Case of Benjamin Button,Paramount,150000000
1219,tt4913966,The Curse of La Llorona,WB (NL),9000000
1220,tt0382625,The Da Vinci Code,Sony Pictures/Columbia,125000000
1221,tt0810819,The Danish Girl,Focus,15000000
1222,tt0838221,The Darjeeling Limited,Fox Searchlight,16000000
1223,tt0468569,The Dark Knight,WB,185000000
1224,tt1345836,The Dark Knight Rises,WB,250000000
1225,tt1648190,The Dark Tower,Sony Pictures/Columbia,60000000
1226,tt1093357,The Darkest Hour,Sum.,30000000
1227,tt4073790,The Darkest Minds,Fox,34000000
1229,tt1226753,The Debt,Focus,20000000
1230,tt0407887,The Departed,WB,90000000
1231,tt1033575,The Descendants,Fox Searchlight,20000000
1233,tt1560985,The Devil Inside,Paramount,1000000
1234,tt0458352,The Devil Wears Prada,20th Century Fox,35000000
1235,tt0395584,The Devil's Rejects,Lions,7000000
1236,tt3172532,The Diary of a Teenage Girl,SPC,2000000
1237,tt1645170,The Dictator,Paramount,65000000
1238,tt1578275,The Dilemma,Universal,70000000
1239,tt3521126,The Disaster Artist,A24,10000000
1240,tt1600196,The Drop,Fox Searchlight,12600000
1242,tt0377818,The Dukes of Hazzard,WB,50000000
1243,tt1034389,The Eagle,Focus,25000000
1244,tt1878870,The Edge of Seventeen,STX,9000000
1245,tt4877122,The Emoji Movie,Sony Pictures/Columbia,50000000
1246,tt0455944,The Equalizer,Sony Pictures/Columbia,55000000
1247,tt3766354,The Equalizer 2,Sony Pictures/Columbia,62000000
1248,tt0404032,The Exorcism of Emily Rose,SGem,19000000
1249,tt1320253,The Expendables,LIONSGATE,80000000
1250,tt1764651,The Expendables 2,LIONSGATE,100000000
1251,tt2333784,The Expendables 3,LIONSGATE,90000000
1252,tt0406759,The Eye,LIONSGATE,12000000
1254,tt0356680,The Family Stone,20th Century Fox,18000000
1255,tt0463985,The Fast and the Furious: Tokyo Drift,Universal,85000000
1256,tt4630562,The Fate of the Furious,Universal,250000000
1257,tt5083738,The Favourite,Fox Searchlight,15000000
1258,tt1837703,The Fifth Estate,BUENA VISTA,28000000
1259,tt0964517,The Fighter,Paramount,25000000
1260,tt1144884,The Final Destination,WB (NL),40000000
1261,tt2025690,The Finest Hours,BUENA VISTA,80000000
1262,tt6133466,The First Purge,Universal,13000000
1263,tt1195478,The Five-Year Engagement,Universal,30000000
1264,tt0865556,The Forbidden Kingdom,LIONSGATE,55000000
1265,tt1615160,The Foreigner,STX,35000000
1266,tt3387542,The Forest,Focus,10000000
1267,tt4276820,The Founder,Wein.,25000000
1268,tt1220198,The Fourth Kind,Universal,10000000
1269,tt2039393,The Gambler,Paramount,25000000
1270,tt0492956,The Game Plan,BUENA VISTA,22000000
1271,tt1139328,The Ghost Writer,Sum.,45000000
1272,tt3631112,The Girl on the Train,Strand,45000000
1273,tt1568346,The Girl with the Dragon Tattoo,MBox,90000000
1274,tt0435651,The Giver,Wein.,25000000
1275,tt2378507,The Glass Castle,LIONSGATE,9000000
1276,tt0385752,The Golden Compass,NL,180000000
1277,tt1979388,The Good Dinosaur,BUENA VISTA,200000000
1278,tt0343737,The Good Shepherd,Universal,90000000
1279,tt2278388,The Grand Budapest Hotel,Fox Searchlight,25000000
1280,tt0427309,The Great Debaters,MGM/W,15000000
1281,tt0326905,The Great Raid,Mira.,80000000
1282,tt2034800,The Great Wall,Universal,150000000
1283,tt0388980,The Greatest Game Ever Played,BUENA VISTA,26000000
1284,tt1485796,The Greatest Showman,Fox,84000000
1285,tt0990407,The Green Hornet,Sony Pictures/Columbia,120000000
1286,tt2403021,The Green Inferno,BH Tilt,5000000
1287,tt1601913,The Grey,ORF,25000000
1288,tt0433386,The Grudge 2,Sony Pictures/Columbia,20000000
1289,tt0406816,The Guardian,BUENA VISTA,70000000
1290,tt1694020,The Guilt Trip,Paramount,40000000
1291,tt2515034,The Gunman,ORF,40000000
1292,tt1119646,The Hangover,WB,35000000
1293,tt1411697,The Hangover Part II,WB,80000000
1294,tt1951261,The Hangover Part III,WB,103000000
1295,tt0949731,The Happening,20th Century Fox,48000000
1296,tt5580266,The Hate U Give,Fox,23000000
1297,tt3460252,The Hateful Eight,Wein.,44000000
1298,tt0492044,The Haunting in Connecticut,LIONSGATE,10000000
1299,tt0408839,The Heartbreak Kid,P/DW,60000000
1300,tt2404463,The Heat,20th Century Fox,43000000
1301,tt1454029,The Help,BUENA VISTA,25000000
1302,tt0454841,The Hills Have Eyes,Fox Searchlight,15000000
1303,tt0371724,The Hitchhiker's Guide to the Galaxy,BUENA VISTA,50000000
1304,tt1959563,The Hitman's Bodyguard,LG/S,30000000
1305,tt0903624,The Hobbit: An Unexpected Journey,WB (NL),180000000
1306,tt2310332,The Hobbit: The Battle of the Five Armies,WB (NL),250000000
1307,tt1170358,The Hobbit: The Desolation of Smaug,WB (NL),225000000
1308,tt0457939,The Holiday,Sony Pictures/Columbia,85000000
1309,tt1517260,The Host,Magn.,40000000
1310,tt4481514,The House,WB (NL),40000000
1311,tt0852713,The House Bunny,Sony Pictures/Columbia,25000000
1312,tt2980648,The Hundred-Foot Journey,BUENA VISTA,22000000
1313,tt1392170,The Hunger Games,LIONSGATE,78000000
1314,tt1951264,The Hunger Games: Catching Fire,LIONSGATE,130000000
1315,tt1951265,The Hunger Games: Mockingjay - Part 1,LIONSGATE,125000000
1316,tt1951266,The Hunger Games: Mockingjay - Part 2,LIONSGATE,160000000
1317,tt2381991,The Huntsman: Winter's War,Universal,115000000
1318,tt0887912,The Hurt Locker,Sum.,15000000
1319,tt1298644,The Hustle,UAR,21000000
1320,tt1124035,The Ides of March,Sony Pictures/Columbia,12500000
1321,tt0443543,The Illusionist,YFG,16500000
1322,tt1054606,The Imaginarium of Doctor Parnassus,SPC,30000000
1323,tt2084970,The Imitation Game,Wein.,14000000
1324,tt1951181,The Immigrant,Wein.,16000000
1325,tt0790628,The Incredible Burt Wonderstone,WB (NL),30000000
1326,tt0800080,The Incredible Hulk,Universal,150000000
1327,tt1355631,The Infiltrator,BG,28000000
1328,tt1130080,The Informant!,WB,22000000
1329,tt2361509,The Intern,WB,35000000
1330,tt0963178,The International,Sony Pictures/Columbia,50000000
1331,tt2234155,The Internship,20th Century Fox,58000000
1332,tt0373926,The Interpreter,Universal,80000000
1333,tt0427392,The Invasion,WB,80000000
1334,tt1058017,The Invention of Lying,WB,18500000
1335,tt0435670,The Invisible,BUENA VISTA,30000000
1336,tt1007029,The Iron Lady,Wein.,13000000
1337,tt0399201,The Island,DW,126000000
1338,tt0366627,The Jacket,WIP,29000000
1339,tt1285309,The Joneses,RAtt.,10000000
1340,tt1872194,The Judge,WB,50000000
1341,tt0087538,The Karate Kid,Sony Pictures/Columbia,8000000
1342,tt1155076,The Karate Kid,Sony Pictures/Columbia,40000000
1343,tt0842926,The Kids Are All Right,Focus,4000000
1345,tt0431197,The Kingdom,Universal,70000000
1346,tt1504320,The King's Speech,Wein.,15000000
1347,tt0419887,The Kite Runner,ParV,20000000
1348,tt0410297,The Lake House,WB,40000000
1349,tt0938283,The Last Airbender,Paramount,150000000
1350,tt1320244,The Last Exorcism,LIONSGATE,1800000
1351,tt0455590,The Last King of Scotland,Fox Searchlight,6000000
1352,tt0462396,The Last Legion,Wein.,35000000
1353,tt1294226,The Last Song,BUENA VISTA,20000000
1354,tt1549920,The Last Stand,LIONSGATE,45000000
1355,tt1618442,The Last Witch Hunter,LG/S,90000000
1356,tt2918436,The Lazarus Effect,Rela.,3300000
1357,tt1043726,The Legend of Hercules,LG/S,70000000
1358,tt0918940,The Legend of Tarzan,WB,180000000
1359,tt0386140,The Legend of Zorro,Sony Pictures/Columbia,75000000
1361,tt2547584,The Light Between Oceans,BUENA VISTA,20000000
1362,tt1189340,The Lincoln Lawyer,LIONSGATE,40000000
1363,tt1850397,The Loft,ORF,14000000
1364,tt1210819,The Lone Ranger,BUENA VISTA,215000000
1365,tt2726560,The Longest Ride,Fox,34000000
1366,tt0398165,The Longest Yard,Paramount,82000000
1367,tt0427470,The Lookout,Mira.,16000000
1368,tt0480255,The Losers,WB,25000000
1369,tt1212428,The Lost City of Z,BST,30000000
1370,tt0811138,The Love Guru,Paramount,62000000
1371,tt0380510,The Lovely Bones,P/DW,65000000
1372,tt1327194,The Lucky One,WB,25000000
1373,tt0787524,The Man Who Knew Infinity,IFC,10000000
1374,tt1258972,The Man with the Iron Fists,Universal,15000000
1375,tt0419946,The Marine,20th Century Fox,20000000
1376,tt3659388,The Martian,Fox,108000000
1377,tt1560747,The Master,Wein.,32000000
1378,tt0365485,The Matador,Wein.,12500000
1379,tt1790864,The Maze Runner,Fox,34000000
1380,tt0472399,The Mechanic,CBS,40000000
1381,tt4779682,The Meg,WB,130000000
1382,tt1234548,The Men Who Stare at Goats,Over.,25000000
1383,tt0790712,The Messenger,Osci.,6500000
1384,tt0425430,The Messengers,SGem,16000000
1385,tt0884328,The Mist,MGM/W,18000000
1386,tt2177771,The Monuments Men,Sony Pictures/Columbia,70000000
1387,tt1538403,The Mortal Instruments: City of Bones,SGem,60000000
1388,tt2226597,The Mountain Between Us,Fox,35000000
1389,tt0859163,The Mummy: Tomb of the Dragon Emperor,Universal,145000000
1390,tt1204342,The Muppets,BUENA VISTA,45000000
1391,tt0489237,The Nanny Diaries,MGM/W,20000000
1392,tt1974419,The Neon Demon,BG,7000000
1393,tt0402399,The New World,NL,30000000
1394,tt1458175,The Next Three Days,LIONSGATE,30000000
1395,tt3799694,The Nice Guys,WB,50000000
1396,tt3530002,The Night Before,Sony Pictures/Columbia,25000000
1397,tt2402157,The November Man,Rela.,15000000
1398,tt0481369,The Number 23,NL,30000000
1399,tt5814060,The Nun,WB (NL),22000000
1400,tt1821658,The Nut Job,ORF,42000000
1401,tt5523010,The Nutcracker and the Four Realms,BUENA VISTA,120000000
1402,tt1462769,The Odd Life of Timothy Green,BUENA VISTA,25000000
1404,tt0467200,The Other Boleyn Girl,Sony Pictures/Columbia,35000000
1405,tt1386588,The Other Guys,Sony Pictures/Columbia,100000000
1406,tt2203939,The Other Woman,IFC,40000000
1407,tt0395699,The Pacifier,BUENA VISTA,56000000
1408,tt2452042,The Peanuts Movie,Fox,99000000
1409,tt0380623,The Perfect Man,Universal,10000000
1410,tt1659337,The Perks of Being a Wallflower,LG/S,13000000
1411,tt0838232,The Pink Panther 2,Sony Pictures/Columbia,70000000
1412,tt1817273,The Place Beyond the Pines,Focus,15000000
1413,tt0431021,The Possession,LIONSGATE,14000000
1414,tt6294822,The Post,Fox,50000000
1415,tt0482571,The Prestige,BUENA VISTA,40000000
1416,tt0780521,The Princess and the Frog,BUENA VISTA,105000000
1417,tt0395251,The Producers,Universal,45000000
1418,tt0803057,The Promotion,TRR,8000000
1419,tt1041829,The Proposal,BUENA VISTA,40000000
1420,tt0421238,The Proposition,First,2000000
1421,tt2184339,The Purge,Universal,3000000
1422,tt2975578,The Purge: Anarchy,Universal,9000000
1423,tt4094724,The Purge: Election Year,Universal,10000000
1424,tt0454921,The Pursuit of Happyness,Sony Pictures/Columbia,55000000
1426,tt2058107,The Railway Man,Wein.,18000000
1427,tt1486192,The Raven,Rela.,26000000
1428,tt0976051,The Reader,Wein.,32000000
1429,tt0444682,The Reaping,WB,40000000
1430,tt1663202,The Revenant,Fox,135000000
1431,tt0377109,The Ring Two,DW,50000000
1433,tt1161864,The Rite,WB (NL),37000000
1434,tt0898367,The Road,W/Dim.,25000000
1435,tt1265990,The Roommate,SGem,16000000
1436,tt2345737,The Rover,A24,12000000
1437,tt0963794,The Ruins,P/DW,8000000
1438,tt0376136,The Rum Diary,FD,45000000
1439,tt1017451,The Runaways,App.,10000000
1440,tt0452681,The Santa Clause 3: The Escape Clause,BUENA VISTA,12000000
1442,tt2555736,The Second Best Exotic Marigold Hotel,Fox Searchlight,10000000
1443,tt2709768,The Secret Life of Pets,Universal,75000000
1444,tt5113040,The Secret Life of Pets 2,Universal,80000000
1445,tt0359950,The Secret Life of Walter Mitty,20th Century Fox,90000000
1446,tt0485601,The Secret of Kells,GK,8000000
1447,tt0443632,The Sentinel,20th Century Fox,60000000
1448,tt1866249,The Sessions,Fox Searchlight,1000000
1449,tt2872518,The Shack,LG/S,20000000
1450,tt4052882,The Shallows,Sony Pictures/Columbia,17000000
1451,tt5580390,The Shape of Water,Fox Searchlight,19400000
1452,tt0462538,The Simpsons Movie,20th Century Fox,75000000
1453,tt0403508,The Sisterhood of the Traveling Pants,WB,25000000
1454,tt1018785,The Sisterhood of the Traveling Pants 2,WB,27000000
1455,tt1366344,The Sitter,20th Century Fox,25000000
1456,tt0397101,The Skeleton Key,Universal,43000000
1457,tt0472181,The Smurfs,Sony Pictures/Columbia,110000000
1458,tt2017020,The Smurfs 2,Sony Pictures/Columbia,105000000
1459,tt1758810,The Snowman,Universal,35000000
1460,tt1285016,The Social Network,Sony Pictures/Columbia,40000000
1461,tt0821642,The Soloist,P/DW,60000000
1462,tt0963966,The Sorcerer's Apprentice,BUENA VISTA,150000000
1463,tt3922818,The Space Between Us,STX,30000000
1464,tt1714206,The Spectacular Now,A24,2500000
1465,tt0416236,The Spiderwick Chronicles,Paramount,90000000
1466,tt0831887,The Spirit,LIONSGATE,60000000
1467,tt2279373,The SpongeBob Movie: Sponge Out of Water,Paramount,74000000
1468,tt1273678,The Spy Next Door,LIONSGATE,28000000
1469,tt6663582,The Spy Who Dumped Me,LIONSGATE,40000000
1470,tt0367089,The Squid and the Whale,IDP,1500000
1472,tt0482606,The Strangers,Rog.,9000000
1473,tt0889573,The Switch,Mira.,19000000
1474,tt0420238,The Tale of Despereaux,Universal,60000000
1475,tt0420294,The Texas Chainsaw Massacre: The Beginning,NL,16000000
1476,tt2980516,The Theory of Everything,Focus,15000000
1477,tt0419294,The Three Burials of Melquiades Estrada,SPC,15000000
1478,tt0383010,The Three Stooges,20th Century Fox,30000000
1479,tt0452694,The Time Traveler's Wife,WB (NL),39000000
1480,tt1243957,The Tourist,Sony Pictures/Columbia,100000000
1481,tt0840361,The Town,WB,37000000
1482,tt2938956,The Transporter Refueled,EC,25000000
1483,tt1325004,The Twilight Saga: Eclipse,Sum.,68000000
1484,tt1259571,The Twilight Saga: New Moon,Sum.,50000000
1485,tt1142988,The Ugly Truth,Sony Pictures/Columbia,38000000
1487,tt1987680,The Upside,STX,37500000
1488,tt3567288,The Visit,Universal,5000000
1489,tt1606389,The Vow,SGem,30000000
1490,tt1082886,The Wackness,SPC,6000000
1491,tt3488710,The Walk,TriS,35000000
1492,tt1298649,The Watch,20th Century Fox,68000000
1493,tt0384680,The Weather Man,Paramount,22000000
1494,tt0372532,The Wedding Date,Universal,15000000
1495,tt0884732,The Wedding Ringer,SGem,23000000
1496,tt0450345,The Wicker Man,WB,40000000
1497,tt0993846,The Wolf of Wall Street,Paramount,100000000
1498,tt0780653,The Wolfman,Universal,150000000
1499,tt1430132,The Wolverine,20th Century Fox,120000000
1500,tt1596365,The Woman in Black,CBS,17000000
1501,tt2339741,The Woman in Black 2: Angel of Death,Rela.,15000000
1502,tt1840417,The Words,CBS,6000000
1503,tt1213663,The World's End,Focus,20000000
1504,tt1125849,The Wrestler,Fox Searchlight,6000000
1505,tt0962736,The Young Victoria,App.,35000000
1506,tt1730768,The Zookeeper's Wife,Focus,20000000
1507,tt0469494,There Will Be Blood,ParV,25000000
1508,tt0469623,Things We Lost in the Fire,P/DW,16000000
1509,tt1621045,Think Like a Man,SGem,12000000
1510,tt1758830,This Is 40,Universal,35000000
1511,tt1596350,This Means War,20th Century Fox,65000000
1512,tt0800369,Thor,Paramount,150000000
1513,tt3501632,Thor: Ragnarok,BUENA VISTA,180000000
1514,tt1981115,Thor: The Dark World,BUENA VISTA,170000000
1515,tt5649108,Thoroughbreds,Focus,6000000
1516,tt5027774,"Three Billboards Outside Ebbing, Missouri",Fox Searchlight,15000000
1517,tt0453556,TMNT,WB,34000000
1519,tt3361792,Tolkien,Fox Searchlight,20000000
1520,tt1365519,Tomb Raider,WB,94000000
1521,tt1964418,Tomorrowland,BUENA VISTA,190000000
1523,tt0808510,Tooth Fairy,20th Century Fox,48000000
1524,tt2784678,Top Five,Paramount,12000000
1525,tt0471042,Tower Heist,Universal,75000000
1526,tt0435761,Toy Story 3,BUENA VISTA,200000000
1527,tt1979376,Toy Story 4,BUENA VISTA,200000000
1528,tt3152624,Trainwreck,Universal,35000000
1529,tt0988047,Traitor,Over.,22000000
1530,tt0407265,Transamerica,Wein.,1000000
1531,tt2209764,Transcendence,WB,100000000
1532,tt0418279,Transformers,P/DW,150000000
1533,tt2109248,Transformers: Age of Extinction,Paramount,210000000
1534,tt1399103,Transformers: Dark of the Moon,P/DW,195000000
1535,tt1055369,Transformers: Revenge of the Fallen,P/DW,200000000
1536,tt3371366,Transformers: The Last Knight,Paramount,217000000
1537,tt0388482,Transporter 2,20th Century Fox,32000000
1538,tt1129442,Transporter 3,LIONSGATE,30000000
1539,tt0800241,Transsiberian,First,15000000
1540,tt1712261,Triple 9,ORF,20000000
1541,tt1679335,Trolls,Fox,125000000
1542,tt0942385,Tropic Thunder,P/DW,92000000
1543,tt2083383,Trouble with the Curve,WB,30000000
1544,tt1403865,True Grit,Paramount,38000000
1546,tt6772950,Truth or Dare,Universal,3500000
1547,tt0468565,Tsotsi,Mira.,3000000
1548,tt1860353,Turbo,20th Century Fox,135000000
1549,tt0454970,Turistas,FoxA,10000000
1550,tt3099498,Tusk,A24,3000000
1551,tt1099212,Twilight,Sum.,37000000
1552,tt0417217,Two for the Money,Universal,35000000
1553,tt1103275,Two Lovers,Magn.,9800000
1555,tt0370032,Ultraviolet,SGem,30000000
1556,tt1809398,Unbroken,Universal,65000000
1557,tt5691670,Under the Silver Lake,A24,8500000
1558,tt1496025,Underworld Awakening,SGem,70000000
1559,tt3717252,Underworld: Blood Wars,SGem,35000000
1560,tt0401855,Underworld: Evolution,SGem,50000000
1561,tt0834001,Underworld: Rise of the Lycans,SGem,35000000
1562,tt2358925,Unfinished Business,Fox,35000000
1563,tt3713166,Unfriended,Universal,1000000
1564,tt0475276,United 93,Universal,15000000
1565,tt1401152,Unknown,WB,30000000
1566,tt0342258,Unleashed,Rog.,45000000
1567,tt7153766,Unsane,BST,1500000
1568,tt0477080,Unstoppable,20th Century Fox,100000000
1569,tt0880578,Untraceable,SGem,35000000
1570,tt1049413,Up,BUENA VISTA,175000000
1571,tt1193138,Up in the Air,Paramount,25000000
1572,tt6499752,Upgrade,BH Tilt,5000000
1573,tt6857112,Us,Universal,20000000
1574,tt0434409,V for Vendetta,WB,54000000
1575,tt0452702,Vacancy,SGem,19000000
1576,tt1524930,Vacation,WB (NL),31000000
1577,tt0817230,Valentine's Day,WB (NL),52000000
1578,tt2239822,Valerian and the City of a Thousand Planets,STX,177200000
1579,tt0985699,Valkyrie,UA,75000000
1580,tt1686821,Vampire Academy,Wein.,30000000
1581,tt1666186,Vampires Suck,20th Century Fox,20000000
1582,tt0443274,Vantage Point,Sony Pictures/Columbia,40000000
1583,tt1270797,Venom,Dim.,100000000
1584,tt6266538,Vice,Annapurna,60000000
1585,tt0497465,Vicky Cristina Barcelona,MGM/W,15500000
1587,tt1976009,Victor Frankenstein,Fox,65000000
1589,tt1175491,W.,LIONSGATE,25100000
1590,tt0348333,Waiting...,Lions,3000000
1591,tt0473308,Waitress,Fox Searchlight,1500000
1592,tt0841046,Walk Hard: The Dewey Cox Story,Sony Pictures/Columbia,35000000
1593,tt0358273,Walk the Line,20th Century Fox,28000000
1594,tt1027718,Wall Street: Money Never Sleeps,20th Century Fox,70000000
1596,tt0493464,Wanted,Universal,75000000
1597,tt2005151,War Dogs,WB,40000000
1598,tt3450958,War for the Planet of the Apes,Fox,150000000
1599,tt1568911,War Horse,BUENA VISTA,66000000
1600,tt0407304,War of the Worlds,Paramount,132000000
1601,tt0884224,"War, Inc.",First,10000000
1602,tt0803096,Warcraft,Universal,160000000
1603,tt1588173,Warm Bodies,LG/S,35000000
1604,tt1291584,Warrior,LIONSGATE,25000000
1605,tt0409459,Watchmen,WB,130000000
1606,tt1067583,Water for Elephants,20th Century Fox,38000000
1607,tt0758794,We Are Marshall,WB,65000000
1608,tt3787590,We Are Your Friends,WB,2000000
1609,tt1389137,We Bought a Zoo,20th Century Fox,50000000
1610,tt0498399,We Own the Night,Sony Pictures/Columbia,21000000
1611,tt0396269,Wedding Crashers,NL,40000000
1612,tt1723121,We're the Millers,WB (NL),37000000
1613,tt1033643,What Happens in Vegas,20th Century Fox,35000000
1614,tt1932767,What Maisie Knew,MNE,6000000
1615,tt1586265,What to Expect When You're Expecting,LIONSGATE,40000000
1616,tt3416742,What We Do in the Shadows,U/P,1600000
1617,tt0770703,What's Your Number?,20th Century Fox,20000000
1618,tt0455857,When a Stranger Calls,SGem,15000000
1619,tt1185416,When in Rome,BUENA VISTA,55000000
1620,tt0386117,Where the Wild Things Are,WB,100000000
1621,tt1791682,While We're Young,A24,10000000
1622,tt1172233,Whip It,Fox Searchlight,15000000
1623,tt3553442,Whiskey Tango Foxtrot,Paramount,35000000
1624,tt2334879,White House Down,Sony Pictures/Columbia,150000000
1625,tt0375210,White Noise,Universal,10000000
1626,tt0365929,Whiteout,WB,35000000
1627,tt4501244,Why Him?,Fox,38000000
1628,tt4218572,Widows,Fox,42000000
1631,tt1072748,Winchester,LIONSGATE,3500000
1632,tt5362988,Wind River,Wein.,11000000
1633,tt1399683,Winter's Bone,RAtt.,2000000
1634,tt1837709,Winter's Tale,WB,60000000
1635,tt2870708,Wish I Was Here,Focus,6000000
1636,tt0416315,Wolf Creek,W/Dim.,1000000
1637,tt2404425,Woman in Gold,Wein.,11000000
1638,tt2543472,Wonder,LIONSGATE,20000000
1639,tt0451279,Wonder Woman,WB,149000000
1640,tt0469641,World Trade Center,Paramount,65000000
1641,tt0816711,World War Z,Paramount,190000000
1642,tt1646987,Wrath of the Titans,WB,150000000
1643,tt1772341,Wreck-It Ralph,BUENA VISTA,165000000
1644,tt0477139,Wristcutters: A Love Story,ADF,1000000
1645,tt0458525,X-Men Origins: Wolverine,20th Century Fox,150000000
1646,tt3385516,X-Men: Apocalypse,Fox,178000000
1647,tt1877832,X-Men: Days of Future Past,Fox,200000000
1648,tt0376994,X-Men: The Last Stand,20th Century Fox,210000000
1649,tt1045778,Year One,Sony Pictures/Columbia,60000000
1650,tt1068680,Yes Man,WB,70000000
1651,tt1414382,You Again,BUENA VISTA,20000000
1652,tt0960144,You Don't Mess with the Zohan,Sony Pictures/Columbia,90000000
1654,tt1182350,You Will Meet a Tall Dark Stranger,SPC,22000000
1655,tt0463034,"You, Me and Dupree",Universal,54000000
1656,tt1625346,Young Adult,Paramount,12000000
1657,tt1240982,Your Highness,Universal,49900000
1658,tt1853739,You're Next,LIONSGATE,1000000
1660,tt0403702,Youth in Revolt,W/Dim.,18000000
1661,tt1007028,Zack and Miri Make a Porno,Wein.,24000000
1662,tt1790885,Zero Dark Thirty,Sony Pictures/Columbia,40000000
1663,tt0443706,Zodiac,Paramount,65000000
1664,tt1156398,Zombieland,Sony Pictures/Columbia,23600000
1665,tt1222817,Zookeeper,Sony Pictures/Columbia,80000000
1666,tt1608290,Zoolander 2,Paramount,50000000
1667,tt2948356,Zootopia,BUENA VISTA,150000000
14,tt0841044,2 Days in Paris,Gold.,0
30,tt2056771,A Bigger Splash,Fox Searchlight,0
54,tt1727770,Absolutely Anything,ADC,0
60,tt1091722,Adventureland,Mira.,0
74,tt0426883,Alpha Dog,Universal,0
118,tt4849438,Baahubali 2: The Conclusion,GrtIndia,0
126,tt3735246,Bajirao Mastani,Eros,0
127,tt3863552,Bajrangi Bhaijaan,Eros,0
128,tt0424823,Balls of Fury,Rog.,0
139,tt0490084,Because I Said So,Universal,0
149,tt4443658,Better Watch Out,WGUSA,0
151,tt2356180,Bhaag Milkha Bhaag,Relbig.,0
155,tt1164999,Biutiful,RAtt.,0
156,tt0375611,Black,Yash,0
159,tt2261331,Black Sea,Focus,0
204,tt5726616,Call Me by Your Name,SPC,0
209,tt3553976,Captain Fantastic,BST,0
217,tt0402894,Casanova,BUENA VISTA,0
231,tt2112124,Chennai Express,UTV,0
252,tt1093908,Confessions of a Shopaholic,BUENA VISTA,0
278,tt5074352,Dangal,UTV,0
295,tt5946128,Dear Zindagi,Relbig.,0
300,tt0832266,"Definitely, Maybe",Universal,0
302,tt1934231,Delhi Belly,UTV,0
315,tt4535650,Dilwale,UTV,0
348,tt0765443,Eastern Promises,Focus,0
359,tt3716530,Elle,SPC,0
386,tt2935476,Far from the Madding Crowd,Fox Searchlight,0
396,tt1082601,Fighting,Universal,0
404,tt6053438,First Reformed,A24,0
417,tt0488120,Fracture,NL,0
420,tt4158096,Free Fire,A24,0
432,tt0119167,Funny Games,WIP,0
448,tt1166100,Ghajini,AdL.,0
456,tt0385726,Glory Road,BUENA VISTA,0
462,tt1838544,Gone,LG/S,0
470,tt0456554,Grandma's Boy,20th Century Fox,0
476,tt1234654,Greenberg,Focus,0
486,tt2395469,Gully Boy,VPD,0
488,tt3390572,Haider,UTV,0
498,tt1045670,Happy-Go-Lucky,Mira.,0
525,tt1528071,Horns,RTWC,0
531,tt0425112,Hot Fuzz,Rog.,0
533,tt0787475,Hot Rod,Paramount,0
537,tt5461944,Hotel Mumbai,BST,0
566,tt0388125,In Her Shoes,20th Century Fox,0
569,tt1226774,In the Loop,IFC,0
570,tt0478134,In the Valley of Elah,WIP,0
578,tt5962210,Ingrid Goes West,Neon,0
607,tt1229822,Jane Eyre,Focus,0
610,tt1130988,JCVD,PArch,0
615,tt0449994,Jodhaa Akbar,UTV,0
617,tt1783732,John Dies at the End,Magn.,0
627,tt4326444,Julieta,SPC,0
634,tt0433400,Just Friends,NL,0
673,tt0375912,Layer Cake,SPC,0
710,tt3262342,Loving Vincent,Good Deed,0
713,tt4169250,M.S. Dhoni: The Untold Story,FIP,0
735,tt1071812,Mao's Last Dancer,Gold.,0
758,tt5613484,Mid90s,A24,0
771,tt0970468,Miss Pettigrew Lives for a Day,Focus,0
813,tt1655420,My Week with Marilyn,Wein.,0
814,tt0370986,Mysterious Skin,Tar.,0
849,tt1266029,Nowhere Boy,Wein.,0
865,tt1148204,Orphan,WB,0
903,tt3767372,Piku,Yash,0
921,tt2397535,Predestination,VE,0
940,tt1182937,Rab Ne Bana Di Jodi,Yash,0
943,tt3405236,Raees,Zee,0
946,tt0405508,Rang De Basanti,UTV,0
997,tt6452574,Sanju,FIP,0
1037,tt2370248,Short Term 12,Cdgm.,0
1072,tt5688932,Sorry to Bother You,Annapurna,0
1093,tt0473705,State of Play,Universal,0
1102,tt0430634,Stick It,BUENA VISTA,0
1115,tt0448134,Sunshine,Fox Searchlight,0
1137,tt4934950,Talvar,Rel.,0
1141,tt2140465,Tanu Weds Manu Returns,Eros,0
1195,tt2326612,The Captive,A24,0
1199,tt3797868,The Choice,LIONSGATE,0
1209,tt0443473,The Condemned,LIONSGATE,0
1228,tt4686844,The Death of Stalin,IFC,0
1232,tt0435625,The Descent,LIONSGATE,0
1241,tt0864761,The Duchess,ParV,0
1253,tt0460791,The Fall,RAtt.,0
1344,tt5715874,The Killing of a Sacred Deer,A24,0
1360,tt0375920,The Libertine,Wein.,0
1403,tt2837574,The Old Man & the Gun,Fox Searchlight,0
1425,tt0436697,The Queen,Mira.,0
1432,tt0267891,The Ringer,Fox Searchlight,0
1441,tt0775529,The Savages,Fox Searchlight,0
1471,tt0420293,The Stanford Prison Experiment,IFC,0
1486,tt0815245,The Uninvited,P/DW,0
1518,tt1859650,To Rome with Love,SPC,0
1522,tt4048272,Toni Erdmann,SPC,0
1545,tt2273657,True Story,Fox Searchlight,0
1554,tt2140619,Two Night Stand,EOne,0
1586,tt2317337,Vicky Donor,Eros,0
1588,tt0441909,Volver,SPC,0
1595,tt1655460,Wanderlust,Universal,0
1629,tt0486946,Wild Hogs,BUENA VISTA,0
1630,tt1606392,Win Win,Fox Searchlight,0
1653,tt5742374,You Were Never Really Here,Amazon,0
1659,tt3312830,Youth,Fox Searchlight,0
